call_id,category,clearing_price_usd,settlement_chain,confirmation_latency_ms,seller_address
call_0001,search,0.2109,Solana,681,0x4fc82b26aecb47d2868c4efbe3581732a3e7cbcc
call_0002,trading,0.2849,Base,277,0xef2d127de37b942baad06145e54b0c619a1f2232
call_0003,data,0.2693,Solana,470,0x6f4b6612125fb3a0daecd2799dfd6c9c299424fd
call_0004,data,0.2311,Base,443,0x73475cb40a568e8da8a045ced110137e159f890a
call_0005,social,0.2384,Base,495,0x4b227777d4dd1fc61c6f884f48641d02b4d121d3
call_0006,social,0.2263,Base,481,0x0e17daca5f3e175f448bacace3bc0da47d0655a7
call_0007,reasoning,0.2603,Solana,891,0x9400f1b21cb527d7fa3d3eabba93557a18ebe7a2
call_0008,data,0.2321,Base,460,0x0e17daca5f3e175f448bacace3bc0da47d0655a7
call_0009,reasoning,0.229,Solana,741,0x98010bd9270f9b100b6214a21754fd33bdc8d41b
call_0010,social,0.2025,Solana,553,0x785f3ec7eb32f30b90cd0fcf3657d388b5ff4297
call_0011,search,0.2433,Solana,630,0xe29c9c180c6279b0b02abd6a1801c7c04082cf48
call_0012,reasoning,0.2517,Solana,874,0x7902699be42c8a8e46fbbb4501726517e86b22c5
call_0013,search,0.231,Solana,565,0xd4735e3a265e16eee03f59718b9b5d03019c07d8
call_0014,reasoning,0.2284,Solana,956,0x7902699be42c8a8e46fbbb4501726517e86b22c5
call_0015,search,0.2446,Solana,665,0xd59eced1ded07f84c145592f65bdf854358e009c
call_0016,reasoning,0.2384,Base,942,0xb17ef6d19c7a5b1ee83b907c595526dcb1eb06db
call_0017,social,0.2037,Base,436,0x25fc0e7096fc653718202dc30b0c580b8ab87eac
call_0018,media,0.255,Solana,1694,0xe629fa6598d732768f7c726b4b621285f9c3b853
call_0019,data,0.26,Base,376,0xe7f6c011776e8db7cd330b54174fd76f7d0216b6
call_0020,search,0.2536,Solana,565,0xef2d127de37b942baad06145e54b0c619a1f2232
call_0021,reasoning,0.2612,Base,919,0x6b51d431df5d7f141cbececcf79edf3dd861c3b4
call_0022,media,0.2109,Base,1244,0xb17ef6d19c7a5b1ee83b907c595526dcb1eb06db
call_0023,trading,0.2952,Base,253,0x0b918943df0962bc7a1824c0555a389347b4febd
call_0024,search,0.2607,Base,521,0x0e17daca5f3e175f448bacace3bc0da47d0655a7
call_0025,reasoning,0.2415,Base,940,0x7a61b53701befdae0eeeffaecc73f14e20b537bb
call_0026,media,0.2492,Solana,1245,0xb17ef6d19c7a5b1ee83b907c595526dcb1eb06db
call_0027,search,0.2465,Solana,612,0xef2d127de37b942baad06145e54b0c619a1f2232
call_0028,reasoning,0.2545,Solana,866,0xc6f3ac57944a531490cd39902d0f777715fd005e
call_0029,data,0.2579,Solana,515,0xd59eced1ded07f84c145592f65bdf854358e009c
call_0030,infrastructure,0.2487,Solana,278,0x19581e27de7ced00ff1ce50b2047e7a567c76b1c
call_0031,reasoning,0.2132,Solana,718,0x4b227777d4dd1fc61c6f884f48641d02b4d121d3
call_0032,data,0.3141,Solana,446,0xef2d127de37b942baad06145e54b0c619a1f2232
call_0033,data,0.2559,Solana,367,0x44cb730c420480a0477b505ae68af508fb90f96c
call_0034,reasoning,0.2766,Base,858,0x785f3ec7eb32f30b90cd0fcf3657d388b5ff4297
call_0035,data,0.2132,Base,388,0x3fdba35f04dc8c462986c992bcf8755462571130
call_0036,search,0.2436,Solana,703,0xc6f3ac57944a531490cd39902d0f777715fd005e
call_0037,reasoning,0.2259,Base,752,0xb17ef6d19c7a5b1ee83b907c595526dcb1eb06db
call_0038,search,0.2147,Base,698,0x73475cb40a568e8da8a045ced110137e159f890a
call_0039,data,0.2491,Base,377,0x670671cd97404156226e507973f2ab8330d3022c
call_0040,data,0.2219,Solana,431,0x4e07408562bedb8b60ce05c1decfe3ad16b72230
call_0041,social,0.2362,Base,532,0xd4735e3a265e16eee03f59718b9b5d03019c07d8
call_0042,media,0.3087,Solana,1770,0x0b918943df0962bc7a1824c0555a389347b4febd
call_0043,reasoning,0.2194,Base,675,0x4b227777d4dd1fc61c6f884f48641d02b4d121d3
call_0044,reasoning,0.2404,Solana,1015,0x73475cb40a568e8da8a045ced110137e159f890a
call_0045,reasoning,0.2276,Solana,917,0xb7a56873cd771f2c446d369b649430b65a756ba2
call_0046,reasoning,0.2584,Base,1008,0x5f9c4ab08cac7457e9111a30e4664920607ea2c1
call_0047,media,0.1982,Solana,1636,0x0b918943df0962bc7a1824c0555a389347b4febd
call_0048,reasoning,0.2416,Solana,949,0x624b60c58c9d8bfb6ff1886c2fd605d2adeb6ea4
call_0049,reasoning,0.2379,Base,800,0x5f9c4ab08cac7457e9111a30e4664920607ea2c1
call_0050,infrastructure,0.2555,Base,308,0x86e50149658661312a9e0b35558d84f6c6d3da79
call_0051,data,0.2539,Base,349,0xaea92132c4cbeb263e6ac2bf6c183b5d81737f17
call_0052,trading,0.3513,Solana,255,0x6f4b6612125fb3a0daecd2799dfd6c9c299424fd
call_0053,data,0.237,Base,440,0xe629fa6598d732768f7c726b4b621285f9c3b853
call_0054,search,0.1799,Solana,594,0x73475cb40a568e8da8a045ced110137e159f890a
call_0055,social,0.3108,Base,467,0x31489056e0916d59fe3add79e63f095af3ffb816
call_0056,media,0.2085,Base,1239,0x785f3ec7eb32f30b90cd0fcf3657d388b5ff4297
call_0057,reasoning,0.2226,Base,1060,0x811786ad1ae74adfdd20dd0372abaaebc6246e34
call_0058,media,0.282,Base,2134,0x4b227777d4dd1fc61c6f884f48641d02b4d121d3
call_0059,reasoning,0.2694,Base,892,0x35135aaa6cc23891b40cb3f378c53a17a1127210
call_0060,reasoning,0.244,Base,808,0x2c624232cdd221771294dfbb310aca000a0df6ac
call_0061,reasoning,0.2618,Base,961,0x73475cb40a568e8da8a045ced110137e159f890a
call_0062,data,0.25,Base,373,0xb17ef6d19c7a5b1ee83b907c595526dcb1eb06db
call_0063,reasoning,0.3204,Solana,1091,0x98010bd9270f9b100b6214a21754fd33bdc8d41b
call_0064,reasoning,0.2222,Base,982,0x6f4b6612125fb3a0daecd2799dfd6c9c299424fd
call_0065,infrastructure,0.2094,Solana,381,0x6b51d431df5d7f141cbececcf79edf3dd861c3b4
call_0066,search,0.2474,Solana,614,0x0e17daca5f3e175f448bacace3bc0da47d0655a7
call_0067,reasoning,0.2437,Solana,858,0x73475cb40a568e8da8a045ced110137e159f890a
call_0068,data,0.2539,Base,439,0xc2356069e9d1e79ca924378153cfbbfb4d4416b1
call_0069,data,0.2572,Base,532,0x5f9c4ab08cac7457e9111a30e4664920607ea2c1
call_0070,data,0.2487,Base,351,0x9400f1b21cb527d7fa3d3eabba93557a18ebe7a2
call_0071,infrastructure,0.2769,Base,417,0xc2356069e9d1e79ca924378153cfbbfb4d4416b1
call_0072,social,0.254,Solana,576,0x670671cd97404156226e507973f2ab8330d3022c
call_0073,media,0.2456,Base,1927,0x624b60c58c9d8bfb6ff1886c2fd605d2adeb6ea4
call_0074,social,0.2423,Base,603,0x9f14025af0065b30e47e23ebb3b491d39ae8ed17
call_0075,search,0.2605,Base,460,0x98010bd9270f9b100b6214a21754fd33bdc8d41b
call_0076,search,0.2823,Solana,670,0x98010bd9270f9b100b6214a21754fd33bdc8d41b
call_0077,infrastructure,0.261,Base,285,0x670671cd97404156226e507973f2ab8330d3022c
call_0078,reasoning,0.2789,Base,913,0xeb1e33e8a81b697b75855af6bfcdbcbf7cbbde9f
call_0079,data,0.2516,Solana,446,0x6b51d431df5d7f141cbececcf79edf3dd861c3b4
call_0080,infrastructure,0.2771,Base,268,0x624b60c58c9d8bfb6ff1886c2fd605d2adeb6ea4
call_0081,media,0.2996,Solana,1490,0x7a61b53701befdae0eeeffaecc73f14e20b537bb
call_0082,social,0.2475,Base,531,0x4523540f1504cd17100c4835e85b7eefd4991158
call_0083,reasoning,0.2462,Solana,886,0x59e19706d51d39f66711c2653cd7eb1291c94d9b
call_0084,data,0.2826,Solana,371,0x785f3ec7eb32f30b90cd0fcf3657d388b5ff4297
call_0085,search,0.2636,Solana,611,0x6b86b273ff34fce19d6b804eff5a3f5747ada4ea
call_0086,infrastructure,0.2761,Solana,444,0x76a50887d8f1c2e9301755428990ad81479ee21c
call_0087,reasoning,0.2901,Base,785,0xef2d127de37b942baad06145e54b0c619a1f2232
call_0088,social,0.1999,Base,381,0x535fa30d7e25dd8a49f1536779734ec8286108d1
call_0089,reasoning,0.2631,Base,873,0xf5ca38f748a1d6eaf726b8a42fb575c3c71f1864
call_0090,social,0.2249,Base,546,0x1a6562590ef19d1045d06c4055742d38288e9e6d
call_0091,trading,0.2548,Base,295,0x9f14025af0065b30e47e23ebb3b491d39ae8ed17
call_0092,reasoning,0.2324,Solana,818,0x811786ad1ae74adfdd20dd0372abaaebc6246e34
call_0093,reasoning,0.2402,Base,902,0x6b86b273ff34fce19d6b804eff5a3f5747ada4ea
call_0094,reasoning,0.2002,Base,684,0x6b86b273ff34fce19d6b804eff5a3f5747ada4ea
call_0095,social,0.2183,Solana,569,0x7902699be42c8a8e46fbbb4501726517e86b22c5
call_0096,media,0.3165,Base,1630,0x0b918943df0962bc7a1824c0555a389347b4febd
call_0097,data,0.2798,Solana,425,0x535fa30d7e25dd8a49f1536779734ec8286108d1
call_0098,search,0.2151,Solana,575,0x2c624232cdd221771294dfbb310aca000a0df6ac
call_0099,trading,0.2275,Solana,305,0x6b86b273ff34fce19d6b804eff5a3f5747ada4ea
call_0100,social,0.1814,Base,584,0x4e07408562bedb8b60ce05c1decfe3ad16b72230
call_0101,reasoning,0.2233,Solana,761,0x3fdba35f04dc8c462986c992bcf8755462571130
call_0102,media,0.2827,Base,2019,0xe29c9c180c6279b0b02abd6a1801c7c04082cf48
call_0103,media,0.3074,Solana,1557,0x2c624232cdd221771294dfbb310aca000a0df6ac
call_0104,data,0.2577,Base,546,0x2c624232cdd221771294dfbb310aca000a0df6ac
call_0105,reasoning,0.254,Base,969,0xd59eced1ded07f84c145592f65bdf854358e009c
call_0106,media,0.281,Base,1416,0xeb1e33e8a81b697b75855af6bfcdbcbf7cbbde9f
call_0107,media,0.2309,Base,1521,0xc2356069e9d1e79ca924378153cfbbfb4d4416b1
call_0108,reasoning,0.2259,Solana,881,0xc2356069e9d1e79ca924378153cfbbfb4d4416b1
call_0109,media,0.2765,Solana,1823,0x4ec9599fc203d176a301536c2e091a19bc852759
call_0110,data,0.2501,Solana,588,0x59e19706d51d39f66711c2653cd7eb1291c94d9b
call_0111,search,0.2426,Solana,665,0x7a61b53701befdae0eeeffaecc73f14e20b537bb
call_0112,search,0.252,Solana,529,0x670671cd97404156226e507973f2ab8330d3022c
call_0113,reasoning,0.2666,Base,970,0x4b227777d4dd1fc61c6f884f48641d02b4d121d3
call_0114,data,0.2432,Solana,480,0xe629fa6598d732768f7c726b4b621285f9c3b853
call_0115,reasoning,0.2002,Base,660,0x76a50887d8f1c2e9301755428990ad81479ee21c
call_0116,media,0.2174,Solana,819,0x2c624232cdd221771294dfbb310aca000a0df6ac
call_0117,trading,0.2965,Solana,267,0x2c624232cdd221771294dfbb310aca000a0df6ac
call_0118,data,0.2522,Base,414,0x76a50887d8f1c2e9301755428990ad81479ee21c
call_0119,data,0.2647,Solana,375,0x31489056e0916d59fe3add79e63f095af3ffb816
call_0120,data,0.2305,Base,506,0x1a6562590ef19d1045d06c4055742d38288e9e6d
call_0121,data,0.2403,Solana,514,0x4e07408562bedb8b60ce05c1decfe3ad16b72230
call_0122,data,0.242,Solana,358,0x785f3ec7eb32f30b90cd0fcf3657d388b5ff4297
call_0123,reasoning,0.2109,Solana,916,0x1a6562590ef19d1045d06c4055742d38288e9e6d
call_0124,data,0.2327,Solana,310,0x624b60c58c9d8bfb6ff1886c2fd605d2adeb6ea4
call_0125,media,0.2637,Solana,1579,0xeb1e33e8a81b697b75855af6bfcdbcbf7cbbde9f
call_0126,data,0.2656,Solana,463,0x4e07408562bedb8b60ce05c1decfe3ad16b72230
call_0127,data,0.2565,Solana,552,0x785f3ec7eb32f30b90cd0fcf3657d388b5ff4297
call_0128,media,0.2339,Solana,1301,0x25fc0e7096fc653718202dc30b0c580b8ab87eac
call_0129,data,0.2304,Solana,415,0xe29c9c180c6279b0b02abd6a1801c7c04082cf48
call_0130,reasoning,0.2725,Base,928,0xe29c9c180c6279b0b02abd6a1801c7c04082cf48
call_0131,infrastructure,0.2759,Solana,348,0x35135aaa6cc23891b40cb3f378c53a17a1127210
call_0132,reasoning,0.2275,Solana,862,0x6b86b273ff34fce19d6b804eff5a3f5747ada4ea
call_0133,media,0.3137,Solana,1579,0x5f9c4ab08cac7457e9111a30e4664920607ea2c1
call_0134,trading,0.2688,Base,247,0x7a61b53701befdae0eeeffaecc73f14e20b537bb
call_0135,search,0.2071,Solana,530,0x6f4b6612125fb3a0daecd2799dfd6c9c299424fd
call_0136,trading,0.2895,Solana,362,0x0e17daca5f3e175f448bacace3bc0da47d0655a7
call_0137,data,0.2137,Solana,336,0x0e17daca5f3e175f448bacace3bc0da47d0655a7
call_0138,trading,0.2892,Base,219,0xb7a56873cd771f2c446d369b649430b65a756ba2
call_0139,search,0.2757,Solana,550,0x8527a891e224136950ff32ca212b45bc93f69fbb
call_0140,social,0.2543,Base,375,0x31489056e0916d59fe3add79e63f095af3ffb816
call_0141,reasoning,0.2559,Solana,669,0x6b86b273ff34fce19d6b804eff5a3f5747ada4ea
call_0142,search,0.26,Base,632,0x71ee45a3c0db9a9865f7313dd3372cf60dca6479
call_0143,media,0.2546,Solana,1658,0x8527a891e224136950ff32ca212b45bc93f69fbb
call_0144,reasoning,0.2367,Solana,790,0x86e50149658661312a9e0b35558d84f6c6d3da79
call_0145,reasoning,0.1897,Solana,1033,0x25fc0e7096fc653718202dc30b0c580b8ab87eac
call_0146,media,0.2591,Solana,1569,0xe629fa6598d732768f7c726b4b621285f9c3b853
call_0147,reasoning,0.2645,Solana,902,0x785f3ec7eb32f30b90cd0fcf3657d388b5ff4297
call_0148,trading,0.2865,Base,276,0x3d914f9348c9cc0ff8a79716700b9fcd4d2f3e71
call_0149,media,0.2094,Solana,1696,0x4fc82b26aecb47d2868c4efbe3581732a3e7cbcc
call_0150,reasoning,0.2917,Base,707,0xb7a56873cd771f2c446d369b649430b65a756ba2
call_0151,reasoning,0.2283,Base,861,0x535fa30d7e25dd8a49f1536779734ec8286108d1
call_0152,infrastructure,0.2595,Base,299,0x785f3ec7eb32f30b90cd0fcf3657d388b5ff4297
call_0153,social,0.1854,Solana,380,0xb17ef6d19c7a5b1ee83b907c595526dcb1eb06db
call_0154,search,0.262,Base,635,0x670671cd97404156226e507973f2ab8330d3022c
call_0155,reasoning,0.2709,Solana,881,0x6b86b273ff34fce19d6b804eff5a3f5747ada4ea
call_0156,media,0.2836,Base,1603,0xe629fa6598d732768f7c726b4b621285f9c3b853
call_0157,data,0.2775,Solana,386,0x86e50149658661312a9e0b35558d84f6c6d3da79
call_0158,search,0.2266,Base,685,0x25fc0e7096fc653718202dc30b0c580b8ab87eac
call_0159,media,0.2551,Base,1737,0x7902699be42c8a8e46fbbb4501726517e86b22c5
call_0160,infrastructure,0.236,Base,304,0xd4735e3a265e16eee03f59718b9b5d03019c07d8
call_0161,reasoning,0.2271,Base,815,0x4e07408562bedb8b60ce05c1decfe3ad16b72230
call_0162,reasoning,0.2486,Solana,965,0x4e07408562bedb8b60ce05c1decfe3ad16b72230
call_0163,reasoning,0.264,Base,813,0x2c624232cdd221771294dfbb310aca000a0df6ac
call_0164,reasoning,0.2241,Solana,838,0x6b86b273ff34fce19d6b804eff5a3f5747ada4ea
call_0165,data,0.2156,Solana,464,0xc2356069e9d1e79ca924378153cfbbfb4d4416b1
call_0166,reasoning,0.2782,Base,566,0x44cb730c420480a0477b505ae68af508fb90f96c
call_0167,media,0.3211,Solana,1729,0xb7a56873cd771f2c446d369b649430b65a756ba2
call_0168,data,0.2599,Base,423,0x4e07408562bedb8b60ce05c1decfe3ad16b72230
call_0169,reasoning,0.257,Base,858,0x3d914f9348c9cc0ff8a79716700b9fcd4d2f3e71
call_0170,reasoning,0.1938,Solana,960,0xd4735e3a265e16eee03f59718b9b5d03019c07d8
call_0171,media,0.2049,Solana,1677,0x670671cd97404156226e507973f2ab8330d3022c
call_0172,reasoning,0.2407,Base,732,0xeb1e33e8a81b697b75855af6bfcdbcbf7cbbde9f
call_0173,infrastructure,0.2306,Solana,432,0x4b227777d4dd1fc61c6f884f48641d02b4d121d3
call_0174,search,0.2639,Solana,670,0x9400f1b21cb527d7fa3d3eabba93557a18ebe7a2
call_0175,reasoning,0.2659,Base,928,0x71ee45a3c0db9a9865f7313dd3372cf60dca6479
call_0176,data,0.2518,Solana,383,0xd4735e3a265e16eee03f59718b9b5d03019c07d8
call_0177,search,0.2884,Solana,739,0x2c624232cdd221771294dfbb310aca000a0df6ac
call_0178,reasoning,0.2551,Base,708,0x624b60c58c9d8bfb6ff1886c2fd605d2adeb6ea4
call_0179,data,0.2213,Base,416,0x59e19706d51d39f66711c2653cd7eb1291c94d9b
call_0180,media,0.2704,Solana,1719,0x1a6562590ef19d1045d06c4055742d38288e9e6d
call_0181,data,0.2262,Base,410,0x535fa30d7e25dd8a49f1536779734ec8286108d1
call_0182,reasoning,0.2598,Base,625,0x624b60c58c9d8bfb6ff1886c2fd605d2adeb6ea4
call_0183,media,0.3071,Base,1937,0xeb1e33e8a81b697b75855af6bfcdbcbf7cbbde9f
call_0184,data,0.2576,Solana,444,0xeb1e33e8a81b697b75855af6bfcdbcbf7cbbde9f
call_0185,media,0.2654,Base,1301,0x31489056e0916d59fe3add79e63f095af3ffb816
call_0186,reasoning,0.2356,Base,870,0x5f9c4ab08cac7457e9111a30e4664920607ea2c1
call_0187,reasoning,0.2578,Solana,791,0xc2356069e9d1e79ca924378153cfbbfb4d4416b1
call_0188,trading,0.2617,Solana,347,0x2c624232cdd221771294dfbb310aca000a0df6ac
call_0189,infrastructure,0.2263,Solana,244,0xc6f3ac57944a531490cd39902d0f777715fd005e
call_0190,data,0.2474,Solana,498,0x71ee45a3c0db9a9865f7313dd3372cf60dca6479
call_0191,search,0.2837,Solana,502,0x9f14025af0065b30e47e23ebb3b491d39ae8ed17
call_0192,search,0.2309,Solana,745,0x71ee45a3c0db9a9865f7313dd3372cf60dca6479
call_0193,reasoning,0.2976,Solana,844,0x31489056e0916d59fe3add79e63f095af3ffb816
call_0194,data,0.258,Solana,626,0x811786ad1ae74adfdd20dd0372abaaebc6246e34
call_0195,data,0.2713,Base,396,0x4b227777d4dd1fc61c6f884f48641d02b4d121d3
call_0196,data,0.2561,Base,420,0x4a44dc15364204a80fe80e9039455cc160828182
call_0197,media,0.2022,Base,1836,0x4a44dc15364204a80fe80e9039455cc160828182
call_0198,search,0.2424,Base,544,0xef2d127de37b942baad06145e54b0c619a1f2232
call_0199,reasoning,0.2398,Base,769,0x7902699be42c8a8e46fbbb4501726517e86b22c5
call_0200,data,0.2659,Solana,424,0x4e07408562bedb8b60ce05c1decfe3ad16b72230
call_0201,reasoning,0.2497,Solana,813,0xb17ef6d19c7a5b1ee83b907c595526dcb1eb06db
call_0202,infrastructure,0.2875,Solana,290,0x71ee45a3c0db9a9865f7313dd3372cf60dca6479
call_0203,reasoning,0.2572,Solana,989,0x785f3ec7eb32f30b90cd0fcf3657d388b5ff4297
call_0204,social,0.2133,Base,465,0xef2d127de37b942baad06145e54b0c619a1f2232
call_0205,reasoning,0.2422,Solana,965,0x670671cd97404156226e507973f2ab8330d3022c
call_0206,reasoning,0.2116,Solana,886,0x7a61b53701befdae0eeeffaecc73f14e20b537bb
call_0207,search,0.2845,Base,550,0x6b51d431df5d7f141cbececcf79edf3dd861c3b4
call_0208,reasoning,0.2517,Base,710,0x811786ad1ae74adfdd20dd0372abaaebc6246e34
call_0209,data,0.2622,Solana,379,0x7902699be42c8a8e46fbbb4501726517e86b22c5
call_0210,social,0.2092,Base,552,0x44cb730c420480a0477b505ae68af508fb90f96c
call_0211,reasoning,0.2421,Solana,735,0x6b86b273ff34fce19d6b804eff5a3f5747ada4ea
call_0212,data,0.2914,Solana,408,0x0b918943df0962bc7a1824c0555a389347b4febd
call_0213,data,0.2517,Solana,420,0xef2d127de37b942baad06145e54b0c619a1f2232
call_0214,infrastructure,0.269,Base,366,0xb7a56873cd771f2c446d369b649430b65a756ba2
call_0215,reasoning,0.2735,Solana,943,0x6b86b273ff34fce19d6b804eff5a3f5747ada4ea
call_0216,media,0.312,Solana,1731,0x4523540f1504cd17100c4835e85b7eefd4991158
call_0217,reasoning,0.1767,Solana,885,0x9400f1b21cb527d7fa3d3eabba93557a18ebe7a2
call_0218,reasoning,0.2619,Base,700,0xc2356069e9d1e79ca924378153cfbbfb4d4416b1
call_0219,data,0.2394,Solana,565,0xe29c9c180c6279b0b02abd6a1801c7c04082cf48
call_0220,reasoning,0.2533,Solana,719,0xd59eced1ded07f84c145592f65bdf854358e009c
call_0221,reasoning,0.2159,Base,809,0xf5ca38f748a1d6eaf726b8a42fb575c3c71f1864
call_0222,reasoning,0.2429,Base,827,0x535fa30d7e25dd8a49f1536779734ec8286108d1
call_0223,infrastructure,0.231,Base,293,0xb17ef6d19c7a5b1ee83b907c595526dcb1eb06db
call_0224,media,0.2855,Base,1779,0xc6f3ac57944a531490cd39902d0f777715fd005e
call_0225,reasoning,0.2684,Base,884,0x1a6562590ef19d1045d06c4055742d38288e9e6d
call_0226,social,0.2303,Base,471,0x535fa30d7e25dd8a49f1536779734ec8286108d1
call_0227,infrastructure,0.312,Base,399,0x811786ad1ae74adfdd20dd0372abaaebc6246e34
call_0228,search,0.2434,Base,622,0x35135aaa6cc23891b40cb3f378c53a17a1127210
call_0229,media,0.2445,Base,1533,0x3fdba35f04dc8c462986c992bcf8755462571130
call_0230,reasoning,0.2668,Solana,795,0x7902699be42c8a8e46fbbb4501726517e86b22c5
call_0231,reasoning,0.2191,Solana,1013,0x31489056e0916d59fe3add79e63f095af3ffb816
call_0232,reasoning,0.2245,Base,846,0x71ee45a3c0db9a9865f7313dd3372cf60dca6479
call_0233,reasoning,0.2655,Solana,880,0xaea92132c4cbeb263e6ac2bf6c183b5d81737f17
call_0234,data,0.2036,Solana,396,0x4fc82b26aecb47d2868c4efbe3581732a3e7cbcc
call_0235,reasoning,0.2499,Solana,965,0x5f9c4ab08cac7457e9111a30e4664920607ea2c1
call_0236,media,0.287,Solana,1502,0xf5ca38f748a1d6eaf726b8a42fb575c3c71f1864
call_0237,media,0.2505,Solana,1875,0x4523540f1504cd17100c4835e85b7eefd4991158
call_0238,data,0.2654,Base,426,0x4523540f1504cd17100c4835e85b7eefd4991158
call_0239,reasoning,0.2366,Solana,905,0x31489056e0916d59fe3add79e63f095af3ffb816
call_0240,search,0.2343,Base,620,0x0e17daca5f3e175f448bacace3bc0da47d0655a7
call_0241,data,0.2824,Base,429,0xb17ef6d19c7a5b1ee83b907c595526dcb1eb06db
call_0242,media,0.2646,Solana,2057,0x3fdba35f04dc8c462986c992bcf8755462571130
call_0243,social,0.2194,Base,505,0x535fa30d7e25dd8a49f1536779734ec8286108d1
call_0244,social,0.2375,Base,494,0xd59eced1ded07f84c145592f65bdf854358e009c
call_0245,data,0.215,Base,360,0xd4735e3a265e16eee03f59718b9b5d03019c07d8
call_0246,media,0.2495,Base,2051,0x785f3ec7eb32f30b90cd0fcf3657d388b5ff4297
call_0247,reasoning,0.2608,Solana,847,0x6b51d431df5d7f141cbececcf79edf3dd861c3b4
call_0248,reasoning,0.2114,Base,918,0x86e50149658661312a9e0b35558d84f6c6d3da79
call_0249,data,0.2502,Solana,471,0x6b86b273ff34fce19d6b804eff5a3f5747ada4ea
call_0250,trading,0.2775,Solana,353,0x1a6562590ef19d1045d06c4055742d38288e9e6d
call_0251,trading,0.3272,Base,335,0x4fc82b26aecb47d2868c4efbe3581732a3e7cbcc
call_0252,media,0.2316,Solana,1846,0x4e07408562bedb8b60ce05c1decfe3ad16b72230
call_0253,social,0.2817,Solana,577,0x76a50887d8f1c2e9301755428990ad81479ee21c
call_0254,data,0.2447,Solana,426,0x3d914f9348c9cc0ff8a79716700b9fcd4d2f3e71
call_0255,reasoning,0.241,Base,882,0x5f9c4ab08cac7457e9111a30e4664920607ea2c1
call_0256,reasoning,0.2313,Base,811,0x4e07408562bedb8b60ce05c1decfe3ad16b72230
call_0257,media,0.332,Base,1622,0x4b227777d4dd1fc61c6f884f48641d02b4d121d3
call_0258,social,0.2316,Base,455,0x71ee45a3c0db9a9865f7313dd3372cf60dca6479
call_0259,data,0.2783,Solana,424,0x4fc82b26aecb47d2868c4efbe3581732a3e7cbcc
call_0260,search,0.2881,Base,389,0x5f9c4ab08cac7457e9111a30e4664920607ea2c1
call_0261,reasoning,0.2504,Base,922,0x4523540f1504cd17100c4835e85b7eefd4991158
call_0262,reasoning,0.2758,Solana,862,0x19581e27de7ced00ff1ce50b2047e7a567c76b1c
call_0263,reasoning,0.236,Base,923,0x4a44dc15364204a80fe80e9039455cc160828182
call_0264,trading,0.1869,Base,233,0x71ee45a3c0db9a9865f7313dd3372cf60dca6479
call_0265,media,0.2611,Solana,1227,0xaea92132c4cbeb263e6ac2bf6c183b5d81737f17
call_0266,social,0.2977,Base,477,0x59e19706d51d39f66711c2653cd7eb1291c94d9b
call_0267,media,0.2032,Base,1617,0x3fdba35f04dc8c462986c992bcf8755462571130
call_0268,social,0.2156,Base,521,0xaea92132c4cbeb263e6ac2bf6c183b5d81737f17
call_0269,data,0.2209,Solana,475,0x44cb730c420480a0477b505ae68af508fb90f96c
call_0270,reasoning,0.2156,Solana,802,0x4b227777d4dd1fc61c6f884f48641d02b4d121d3
call_0271,reasoning,0.2465,Base,1023,0x44cb730c420480a0477b505ae68af508fb90f96c
call_0272,reasoning,0.2983,Base,1075,0x31489056e0916d59fe3add79e63f095af3ffb816
call_0273,media,0.322,Base,1353,0xe7f6c011776e8db7cd330b54174fd76f7d0216b6
call_0274,reasoning,0.2474,Base,761,0x785f3ec7eb32f30b90cd0fcf3657d388b5ff4297
call_0275,data,0.2307,Base,568,0x31489056e0916d59fe3add79e63f095af3ffb816
call_0276,reasoning,0.2454,Base,754,0xeb1e33e8a81b697b75855af6bfcdbcbf7cbbde9f
call_0277,reasoning,0.2047,Base,570,0x4a44dc15364204a80fe80e9039455cc160828182
call_0278,search,0.2761,Solana,649,0x44cb730c420480a0477b505ae68af508fb90f96c
call_0279,reasoning,0.2631,Solana,927,0xef2d127de37b942baad06145e54b0c619a1f2232
call_0280,search,0.2246,Solana,503,0x35135aaa6cc23891b40cb3f378c53a17a1127210
call_0281,data,0.1997,Base,425,0xd59eced1ded07f84c145592f65bdf854358e009c
call_0282,reasoning,0.2643,Base,914,0x624b60c58c9d8bfb6ff1886c2fd605d2adeb6ea4
call_0283,social,0.208,Base,644,0x785f3ec7eb32f30b90cd0fcf3657d388b5ff4297
call_0284,media,0.2556,Base,1143,0x785f3ec7eb32f30b90cd0fcf3657d388b5ff4297
call_0285,data,0.2713,Base,518,0xe629fa6598d732768f7c726b4b621285f9c3b853
call_0286,data,0.2362,Base,470,0xc6f3ac57944a531490cd39902d0f777715fd005e
call_0287,reasoning,0.2379,Base,959,0x71ee45a3c0db9a9865f7313dd3372cf60dca6479
call_0288,media,0.2683,Solana,1617,0x4fc82b26aecb47d2868c4efbe3581732a3e7cbcc
call_0289,infrastructure,0.2789,Base,366,0xc6f3ac57944a531490cd39902d0f777715fd005e
call_0290,data,0.2582,Base,379,0x98010bd9270f9b100b6214a21754fd33bdc8d41b
call_0291,reasoning,0.2905,Base,883,0x4523540f1504cd17100c4835e85b7eefd4991158
call_0292,social,0.1755,Base,573,0xaea92132c4cbeb263e6ac2bf6c183b5d81737f17
call_0293,search,0.2029,Base,607,0x44cb730c420480a0477b505ae68af508fb90f96c
call_0294,reasoning,0.239,Solana,792,0x35135aaa6cc23891b40cb3f378c53a17a1127210
call_0295,data,0.2686,Solana,317,0x44cb730c420480a0477b505ae68af508fb90f96c
call_0296,media,0.2719,Solana,1066,0x4a44dc15364204a80fe80e9039455cc160828182
call_0297,data,0.2445,Solana,258,0x25fc0e7096fc653718202dc30b0c580b8ab87eac
call_0298,data,0.2424,Solana,343,0x785f3ec7eb32f30b90cd0fcf3657d388b5ff4297
call_0299,social,0.2529,Solana,555,0x4b227777d4dd1fc61c6f884f48641d02b4d121d3
call_0300,data,0.2173,Base,497,0xd4735e3a265e16eee03f59718b9b5d03019c07d8
call_0301,media,0.2692,Base,1212,0x624b60c58c9d8bfb6ff1886c2fd605d2adeb6ea4
call_0302,data,0.215,Base,411,0xc2356069e9d1e79ca924378153cfbbfb4d4416b1
call_0303,data,0.2264,Base,476,0x6b51d431df5d7f141cbececcf79edf3dd861c3b4
call_0304,trading,0.2978,Solana,316,0x3d914f9348c9cc0ff8a79716700b9fcd4d2f3e71
call_0305,media,0.2421,Base,1769,0x4fc82b26aecb47d2868c4efbe3581732a3e7cbcc
call_0306,trading,0.3678,Solana,303,0x670671cd97404156226e507973f2ab8330d3022c
call_0307,reasoning,0.2473,Solana,809,0x0b918943df0962bc7a1824c0555a389347b4febd
call_0308,reasoning,0.268,Base,1069,0x73475cb40a568e8da8a045ced110137e159f890a
call_0309,data,0.2388,Base,393,0xd59eced1ded07f84c145592f65bdf854358e009c
call_0310,reasoning,0.2067,Base,943,0x535fa30d7e25dd8a49f1536779734ec8286108d1
call_0311,reasoning,0.2218,Solana,999,0x7902699be42c8a8e46fbbb4501726517e86b22c5
call_0312,social,0.2665,Solana,542,0x76a50887d8f1c2e9301755428990ad81479ee21c
call_0313,reasoning,0.2591,Solana,906,0x0e17daca5f3e175f448bacace3bc0da47d0655a7
call_0314,trading,0.3266,Base,175,0x811786ad1ae74adfdd20dd0372abaaebc6246e34
call_0315,data,0.2115,Base,426,0x7a61b53701befdae0eeeffaecc73f14e20b537bb
call_0316,search,0.2144,Solana,546,0x4b227777d4dd1fc61c6f884f48641d02b4d121d3
call_0317,reasoning,0.2616,Solana,615,0x3d914f9348c9cc0ff8a79716700b9fcd4d2f3e71
call_0318,data,0.2627,Base,328,0x4fc82b26aecb47d2868c4efbe3581732a3e7cbcc
call_0319,reasoning,0.2449,Base,781,0x2c624232cdd221771294dfbb310aca000a0df6ac
call_0320,infrastructure,0.2789,Base,339,0x35135aaa6cc23891b40cb3f378c53a17a1127210
call_0321,search,0.3024,Solana,461,0x7902699be42c8a8e46fbbb4501726517e86b22c5
call_0322,reasoning,0.3057,Solana,959,0x4ec9599fc203d176a301536c2e091a19bc852759
call_0323,data,0.2452,Base,406,0xeb1e33e8a81b697b75855af6bfcdbcbf7cbbde9f
call_0324,media,0.2381,Base,1880,0x4523540f1504cd17100c4835e85b7eefd4991158
call_0325,search,0.2609,Base,584,0x73475cb40a568e8da8a045ced110137e159f890a
call_0326,data,0.2552,Base,414,0xe7f6c011776e8db7cd330b54174fd76f7d0216b6
call_0327,trading,0.2326,Base,334,0x0e17daca5f3e175f448bacace3bc0da47d0655a7
call_0328,media,0.3204,Base,1609,0x4b227777d4dd1fc61c6f884f48641d02b4d121d3
call_0329,trading,0.3376,Base,277,0x76a50887d8f1c2e9301755428990ad81479ee21c
call_0330,social,0.2366,Base,478,0x4b227777d4dd1fc61c6f884f48641d02b4d121d3
call_0331,media,0.3505,Base,1675,0x785f3ec7eb32f30b90cd0fcf3657d388b5ff4297
call_0332,media,0.2446,Base,1410,0x86e50149658661312a9e0b35558d84f6c6d3da79
call_0333,search,0.2411,Base,487,0x670671cd97404156226e507973f2ab8330d3022c
call_0334,search,0.2431,Solana,716,0x4fc82b26aecb47d2868c4efbe3581732a3e7cbcc
call_0335,search,0.2347,Base,594,0xef2d127de37b942baad06145e54b0c619a1f2232
call_0336,reasoning,0.2926,Solana,893,0x98010bd9270f9b100b6214a21754fd33bdc8d41b
call_0337,social,0.2506,Base,572,0xaea92132c4cbeb263e6ac2bf6c183b5d81737f17
call_0338,data,0.2572,Base,431,0x4ec9599fc203d176a301536c2e091a19bc852759
call_0339,reasoning,0.2344,Base,711,0x785f3ec7eb32f30b90cd0fcf3657d388b5ff4297
call_0340,search,0.2078,Base,677,0xb7a56873cd771f2c446d369b649430b65a756ba2
call_0341,social,0.22,Base,616,0x6b51d431df5d7f141cbececcf79edf3dd861c3b4
call_0342,data,0.2036,Base,417,0xc2356069e9d1e79ca924378153cfbbfb4d4416b1
call_0343,reasoning,0.2517,Base,905,0x71ee45a3c0db9a9865f7313dd3372cf60dca6479
call_0344,reasoning,0.2553,Solana,754,0x9400f1b21cb527d7fa3d3eabba93557a18ebe7a2
call_0345,media,0.2023,Solana,1294,0x535fa30d7e25dd8a49f1536779734ec8286108d1
call_0346,infrastructure,0.2477,Base,388,0x811786ad1ae74adfdd20dd0372abaaebc6246e34
call_0347,reasoning,0.1966,Base,914,0x535fa30d7e25dd8a49f1536779734ec8286108d1
call_0348,data,0.2244,Base,550,0x35135aaa6cc23891b40cb3f378c53a17a1127210
call_0349,search,0.1928,Solana,521,0xe7f6c011776e8db7cd330b54174fd76f7d0216b6
call_0350,reasoning,0.2559,Solana,827,0x811786ad1ae74adfdd20dd0372abaaebc6246e34
call_0351,infrastructure,0.2084,Base,303,0x4fc82b26aecb47d2868c4efbe3581732a3e7cbcc
call_0352,reasoning,0.2319,Base,770,0x19581e27de7ced00ff1ce50b2047e7a567c76b1c
call_0353,social,0.2199,Base,451,0x6b51d431df5d7f141cbececcf79edf3dd861c3b4
call_0354,reasoning,0.2402,Solana,856,0x3d914f9348c9cc0ff8a79716700b9fcd4d2f3e71
call_0355,search,0.2137,Solana,549,0x35135aaa6cc23891b40cb3f378c53a17a1127210
call_0356,data,0.2151,Solana,421,0x8527a891e224136950ff32ca212b45bc93f69fbb
call_0357,search,0.2396,Base,471,0x86e50149658661312a9e0b35558d84f6c6d3da79
call_0358,media,0.1925,Base,1746,0x6b86b273ff34fce19d6b804eff5a3f5747ada4ea
call_0359,data,0.2621,Base,374,0x4523540f1504cd17100c4835e85b7eefd4991158
call_0360,data,0.2707,Base,355,0xaea92132c4cbeb263e6ac2bf6c183b5d81737f17
call_0361,data,0.219,Solana,408,0x7902699be42c8a8e46fbbb4501726517e86b22c5
call_0362,data,0.2571,Base,435,0x1a6562590ef19d1045d06c4055742d38288e9e6d
call_0363,search,0.2385,Base,717,0x7902699be42c8a8e46fbbb4501726517e86b22c5
call_0364,reasoning,0.284,Solana,900,0x4fc82b26aecb47d2868c4efbe3581732a3e7cbcc
call_0365,infrastructure,0.2489,Base,352,0xe7f6c011776e8db7cd330b54174fd76f7d0216b6
call_0366,reasoning,0.233,Base,903,0x3fdba35f04dc8c462986c992bcf8755462571130
call_0367,social,0.2504,Base,449,0xd59eced1ded07f84c145592f65bdf854358e009c
call_0368,search,0.2729,Solana,628,0xe29c9c180c6279b0b02abd6a1801c7c04082cf48
call_0369,social,0.2909,Solana,540,0x59e19706d51d39f66711c2653cd7eb1291c94d9b
call_0370,media,0.2751,Solana,1645,0xb17ef6d19c7a5b1ee83b907c595526dcb1eb06db
call_0371,infrastructure,0.2088,Solana,383,0x4a44dc15364204a80fe80e9039455cc160828182
call_0372,search,0.2541,Base,380,0x670671cd97404156226e507973f2ab8330d3022c
call_0373,reasoning,0.2513,Solana,825,0x44cb730c420480a0477b505ae68af508fb90f96c
call_0374,search,0.2258,Solana,730,0xf5ca38f748a1d6eaf726b8a42fb575c3c71f1864
call_0375,media,0.2617,Solana,1211,0x535fa30d7e25dd8a49f1536779734ec8286108d1
call_0376,search,0.2436,Base,836,0x0e17daca5f3e175f448bacace3bc0da47d0655a7
call_0377,media,0.3329,Base,1983,0x624b60c58c9d8bfb6ff1886c2fd605d2adeb6ea4
call_0378,social,0.249,Base,454,0x6f4b6612125fb3a0daecd2799dfd6c9c299424fd
call_0379,trading,0.2851,Solana,308,0x4fc82b26aecb47d2868c4efbe3581732a3e7cbcc
call_0380,media,0.2828,Base,1446,0x4523540f1504cd17100c4835e85b7eefd4991158
call_0381,reasoning,0.2244,Solana,775,0xc2356069e9d1e79ca924378153cfbbfb4d4416b1
call_0382,data,0.2382,Base,436,0x4e07408562bedb8b60ce05c1decfe3ad16b72230
call_0383,infrastructure,0.2445,Solana,269,0x6b51d431df5d7f141cbececcf79edf3dd861c3b4
call_0384,social,0.2,Solana,542,0xaea92132c4cbeb263e6ac2bf6c183b5d81737f17
call_0385,reasoning,0.2066,Solana,864,0x535fa30d7e25dd8a49f1536779734ec8286108d1
call_0386,media,0.1886,Base,1716,0x76a50887d8f1c2e9301755428990ad81479ee21c
call_0387,data,0.2557,Solana,486,0x73475cb40a568e8da8a045ced110137e159f890a
call_0388,data,0.2641,Solana,412,0x3d914f9348c9cc0ff8a79716700b9fcd4d2f3e71
call_0389,infrastructure,0.2431,Base,316,0xe629fa6598d732768f7c726b4b621285f9c3b853
call_0390,reasoning,0.2151,Solana,760,0x4fc82b26aecb47d2868c4efbe3581732a3e7cbcc
call_0391,reasoning,0.2524,Solana,727,0xef2d127de37b942baad06145e54b0c619a1f2232
call_0392,media,0.2668,Solana,1641,0x0b918943df0962bc7a1824c0555a389347b4febd
call_0393,search,0.2255,Base,696,0x4b227777d4dd1fc61c6f884f48641d02b4d121d3
call_0394,search,0.2431,Base,573,0x19581e27de7ced00ff1ce50b2047e7a567c76b1c
call_0395,social,0.198,Solana,563,0x811786ad1ae74adfdd20dd0372abaaebc6246e34
call_0396,search,0.2262,Solana,694,0x4b227777d4dd1fc61c6f884f48641d02b4d121d3
call_0397,infrastructure,0.241,Base,314,0x4523540f1504cd17100c4835e85b7eefd4991158
call_0398,media,0.3494,Base,1361,0x59e19706d51d39f66711c2653cd7eb1291c94d9b
call_0399,media,0.2428,Base,1473,0xaea92132c4cbeb263e6ac2bf6c183b5d81737f17
call_0400,data,0.2232,Base,474,0x535fa30d7e25dd8a49f1536779734ec8286108d1
call_0401,search,0.2274,Base,616,0x59e19706d51d39f66711c2653cd7eb1291c94d9b
call_0402,media,0.2804,Solana,1272,0xb7a56873cd771f2c446d369b649430b65a756ba2
call_0403,media,0.3212,Solana,1876,0x86e50149658661312a9e0b35558d84f6c6d3da79
call_0404,infrastructure,0.2799,Solana,394,0xb7a56873cd771f2c446d369b649430b65a756ba2
call_0405,data,0.2566,Base,486,0x624b60c58c9d8bfb6ff1886c2fd605d2adeb6ea4
call_0406,data,0.2434,Base,299,0x6b86b273ff34fce19d6b804eff5a3f5747ada4ea
call_0407,media,0.2648,Base,1492,0x6f4b6612125fb3a0daecd2799dfd6c9c299424fd
call_0408,data,0.2433,Solana,393,0xe29c9c180c6279b0b02abd6a1801c7c04082cf48
call_0409,reasoning,0.2619,Solana,839,0xb7a56873cd771f2c446d369b649430b65a756ba2
call_0410,trading,0.205,Base,300,0x44cb730c420480a0477b505ae68af508fb90f96c
call_0411,reasoning,0.2384,Solana,919,0xe7f6c011776e8db7cd330b54174fd76f7d0216b6
call_0412,media,0.1962,Base,1865,0x670671cd97404156226e507973f2ab8330d3022c
call_0413,data,0.2306,Base,463,0x3fdba35f04dc8c462986c992bcf8755462571130
call_0414,trading,0.2714,Base,319,0x1a6562590ef19d1045d06c4055742d38288e9e6d
call_0415,data,0.2591,Solana,457,0x35135aaa6cc23891b40cb3f378c53a17a1127210
call_0416,data,0.2825,Base,361,0xe29c9c180c6279b0b02abd6a1801c7c04082cf48
call_0417,reasoning,0.272,Base,660,0x4e07408562bedb8b60ce05c1decfe3ad16b72230
call_0418,search,0.2087,Base,573,0x6b51d431df5d7f141cbececcf79edf3dd861c3b4
call_0419,reasoning,0.2558,Base,804,0x6b86b273ff34fce19d6b804eff5a3f5747ada4ea
call_0420,media,0.2641,Base,1942,0x4e07408562bedb8b60ce05c1decfe3ad16b72230
call_0421,media,0.2929,Base,1346,0x535fa30d7e25dd8a49f1536779734ec8286108d1
call_0422,social,0.245,Solana,493,0x3d914f9348c9cc0ff8a79716700b9fcd4d2f3e71
call_0423,data,0.2552,Solana,476,0x2c624232cdd221771294dfbb310aca000a0df6ac
call_0424,media,0.2327,Base,1138,0x7a61b53701befdae0eeeffaecc73f14e20b537bb
call_0425,data,0.2814,Base,314,0xe7f6c011776e8db7cd330b54174fd76f7d0216b6
call_0426,search,0.2428,Solana,419,0x4ec9599fc203d176a301536c2e091a19bc852759
call_0427,media,0.277,Solana,1212,0x4e07408562bedb8b60ce05c1decfe3ad16b72230
call_0428,data,0.225,Base,279,0xe7f6c011776e8db7cd330b54174fd76f7d0216b6
call_0429,reasoning,0.2112,Base,894,0x7902699be42c8a8e46fbbb4501726517e86b22c5
call_0430,infrastructure,0.2911,Base,367,0x73475cb40a568e8da8a045ced110137e159f890a
call_0431,infrastructure,0.2263,Solana,341,0x76a50887d8f1c2e9301755428990ad81479ee21c
call_0432,infrastructure,0.2374,Base,362,0x0e17daca5f3e175f448bacace3bc0da47d0655a7
call_0433,social,0.2781,Base,266,0xe29c9c180c6279b0b02abd6a1801c7c04082cf48
call_0434,reasoning,0.2133,Solana,708,0x35135aaa6cc23891b40cb3f378c53a17a1127210
call_0435,social,0.2761,Base,505,0x31489056e0916d59fe3add79e63f095af3ffb816
call_0436,search,0.2643,Base,679,0x0e17daca5f3e175f448bacace3bc0da47d0655a7
call_0437,data,0.231,Base,504,0x98010bd9270f9b100b6214a21754fd33bdc8d41b
call_0438,data,0.2244,Solana,375,0x44cb730c420480a0477b505ae68af508fb90f96c
call_0439,infrastructure,0.2627,Solana,284,0x59e19706d51d39f66711c2653cd7eb1291c94d9b
call_0440,reasoning,0.2312,Base,730,0x2c624232cdd221771294dfbb310aca000a0df6ac
call_0441,data,0.2512,Base,435,0xd4735e3a265e16eee03f59718b9b5d03019c07d8
call_0442,data,0.2275,Solana,479,0x44cb730c420480a0477b505ae68af508fb90f96c
call_0443,media,0.2495,Base,1696,0xe629fa6598d732768f7c726b4b621285f9c3b853
call_0444,reasoning,0.2316,Base,898,0x2c624232cdd221771294dfbb310aca000a0df6ac
call_0445,reasoning,0.2392,Solana,935,0x8527a891e224136950ff32ca212b45bc93f69fbb
call_0446,reasoning,0.2924,Solana,679,0x8527a891e224136950ff32ca212b45bc93f69fbb
call_0447,reasoning,0.2554,Base,1029,0x4523540f1504cd17100c4835e85b7eefd4991158
call_0448,search,0.2409,Solana,586,0xf5ca38f748a1d6eaf726b8a42fb575c3c71f1864
call_0449,reasoning,0.255,Base,747,0x7a61b53701befdae0eeeffaecc73f14e20b537bb
call_0450,search,0.2553,Solana,632,0xe7f6c011776e8db7cd330b54174fd76f7d0216b6
call_0451,search,0.251,Solana,638,0x8527a891e224136950ff32ca212b45bc93f69fbb
call_0452,trading,0.2628,Solana,263,0x31489056e0916d59fe3add79e63f095af3ffb816
call_0453,reasoning,0.2149,Base,974,0x4b227777d4dd1fc61c6f884f48641d02b4d121d3
call_0454,social,0.26,Solana,408,0x535fa30d7e25dd8a49f1536779734ec8286108d1
call_0455,data,0.2498,Base,523,0xd59eced1ded07f84c145592f65bdf854358e009c
call_0456,reasoning,0.2645,Solana,897,0x5f9c4ab08cac7457e9111a30e4664920607ea2c1
call_0457,trading,0.2849,Solana,287,0x19581e27de7ced00ff1ce50b2047e7a567c76b1c
call_0458,reasoning,0.185,Solana,864,0x535fa30d7e25dd8a49f1536779734ec8286108d1
call_0459,trading,0.2612,Base,316,0x6f4b6612125fb3a0daecd2799dfd6c9c299424fd
call_0460,reasoning,0.2384,Solana,959,0xf5ca38f748a1d6eaf726b8a42fb575c3c71f1864
call_0461,reasoning,0.2731,Solana,919,0xc2356069e9d1e79ca924378153cfbbfb4d4416b1
call_0462,data,0.2281,Base,462,0xc2356069e9d1e79ca924378153cfbbfb4d4416b1
call_0463,infrastructure,0.2274,Solana,374,0x59e19706d51d39f66711c2653cd7eb1291c94d9b
call_0464,reasoning,0.2592,Solana,909,0x7902699be42c8a8e46fbbb4501726517e86b22c5
call_0465,media,0.2489,Solana,1343,0xb7a56873cd771f2c446d369b649430b65a756ba2
call_0466,reasoning,0.2595,Base,802,0x4ec9599fc203d176a301536c2e091a19bc852759
call_0467,media,0.2689,Base,1798,0x3fdba35f04dc8c462986c992bcf8755462571130
call_0468,reasoning,0.2006,Base,808,0xd4735e3a265e16eee03f59718b9b5d03019c07d8
call_0469,reasoning,0.2178,Base,835,0x1a6562590ef19d1045d06c4055742d38288e9e6d
call_0470,data,0.259,Base,445,0x4523540f1504cd17100c4835e85b7eefd4991158
call_0471,search,0.2686,Solana,683,0xd59eced1ded07f84c145592f65bdf854358e009c
call_0472,reasoning,0.2617,Solana,863,0x670671cd97404156226e507973f2ab8330d3022c
call_0473,social,0.2662,Solana,517,0x0b918943df0962bc7a1824c0555a389347b4febd
call_0474,infrastructure,0.2076,Solana,409,0xb17ef6d19c7a5b1ee83b907c595526dcb1eb06db
call_0475,reasoning,0.2322,Solana,932,0x7a61b53701befdae0eeeffaecc73f14e20b537bb
call_0476,media,0.2333,Base,1426,0xd59eced1ded07f84c145592f65bdf854358e009c
call_0477,data,0.2609,Base,479,0x0e17daca5f3e175f448bacace3bc0da47d0655a7
call_0478,data,0.2514,Solana,426,0xf5ca38f748a1d6eaf726b8a42fb575c3c71f1864
call_0479,data,0.2622,Base,422,0xc2356069e9d1e79ca924378153cfbbfb4d4416b1
call_0480,data,0.2542,Solana,563,0x3fdba35f04dc8c462986c992bcf8755462571130
call_0481,data,0.2735,Solana,426,0x6b86b273ff34fce19d6b804eff5a3f5747ada4ea
call_0482,trading,0.2496,Solana,275,0xd59eced1ded07f84c145592f65bdf854358e009c
call_0483,reasoning,0.258,Base,991,0x19581e27de7ced00ff1ce50b2047e7a567c76b1c
call_0484,reasoning,0.2599,Base,753,0x31489056e0916d59fe3add79e63f095af3ffb816
call_0485,media,0.3028,Solana,1547,0xe629fa6598d732768f7c726b4b621285f9c3b853
call_0486,media,0.2404,Solana,1348,0x3fdba35f04dc8c462986c992bcf8755462571130
call_0487,reasoning,0.2583,Solana,742,0xb7a56873cd771f2c446d369b649430b65a756ba2
call_0488,reasoning,0.2264,Base,996,0x535fa30d7e25dd8a49f1536779734ec8286108d1
call_0489,infrastructure,0.2962,Solana,466,0xc6f3ac57944a531490cd39902d0f777715fd005e
call_0490,reasoning,0.2287,Base,710,0x98010bd9270f9b100b6214a21754fd33bdc8d41b
call_0491,reasoning,0.2584,Solana,846,0xeb1e33e8a81b697b75855af6bfcdbcbf7cbbde9f
call_0492,reasoning,0.2407,Solana,1094,0x4b227777d4dd1fc61c6f884f48641d02b4d121d3
call_0493,reasoning,0.2249,Solana,631,0xb7a56873cd771f2c446d369b649430b65a756ba2
call_0494,data,0.2942,Base,455,0x7902699be42c8a8e46fbbb4501726517e86b22c5
call_0495,reasoning,0.225,Base,844,0x4a44dc15364204a80fe80e9039455cc160828182
call_0496,reasoning,0.2504,Base,814,0x4a44dc15364204a80fe80e9039455cc160828182
call_0497,data,0.2461,Solana,425,0x8527a891e224136950ff32ca212b45bc93f69fbb
call_0498,data,0.24,Base,448,0x0e17daca5f3e175f448bacace3bc0da47d0655a7
call_0499,data,0.2674,Base,483,0x6b86b273ff34fce19d6b804eff5a3f5747ada4ea
call_0500,media,0.2705,Solana,1653,0xef2d127de37b942baad06145e54b0c619a1f2232
call_0501,search,0.1984,Solana,618,0x535fa30d7e25dd8a49f1536779734ec8286108d1
call_0502,social,0.2048,Solana,528,0xaea92132c4cbeb263e6ac2bf6c183b5d81737f17
call_0503,reasoning,0.3046,Base,873,0xd4735e3a265e16eee03f59718b9b5d03019c07d8
call_0504,data,0.2848,Base,359,0x4a44dc15364204a80fe80e9039455cc160828182
call_0505,social,0.2371,Base,437,0x4a44dc15364204a80fe80e9039455cc160828182
call_0506,search,0.201,Base,699,0x0e17daca5f3e175f448bacace3bc0da47d0655a7
call_0507,reasoning,0.2104,Base,750,0x98010bd9270f9b100b6214a21754fd33bdc8d41b
call_0508,infrastructure,0.2575,Base,370,0x7a61b53701befdae0eeeffaecc73f14e20b537bb
call_0509,data,0.224,Base,441,0xe629fa6598d732768f7c726b4b621285f9c3b853
call_0510,social,0.1639,Base,447,0x624b60c58c9d8bfb6ff1886c2fd605d2adeb6ea4
call_0511,reasoning,0.2619,Base,934,0xe7f6c011776e8db7cd330b54174fd76f7d0216b6
call_0512,data,0.24,Base,447,0x0b918943df0962bc7a1824c0555a389347b4febd
call_0513,data,0.27,Solana,428,0x4523540f1504cd17100c4835e85b7eefd4991158
call_0514,reasoning,0.2363,Solana,601,0x4fc82b26aecb47d2868c4efbe3581732a3e7cbcc
call_0515,data,0.2743,Base,438,0xef2d127de37b942baad06145e54b0c619a1f2232
call_0516,social,0.3129,Base,587,0x9f14025af0065b30e47e23ebb3b491d39ae8ed17
call_0517,reasoning,0.2785,Base,984,0x6b86b273ff34fce19d6b804eff5a3f5747ada4ea
call_0518,reasoning,0.3143,Base,749,0x7a61b53701befdae0eeeffaecc73f14e20b537bb
call_0519,reasoning,0.2377,Base,733,0xc2356069e9d1e79ca924378153cfbbfb4d4416b1
call_0520,data,0.2391,Solana,545,0x59e19706d51d39f66711c2653cd7eb1291c94d9b
call_0521,trading,0.2899,Base,323,0xe629fa6598d732768f7c726b4b621285f9c3b853
call_0522,social,0.2559,Base,539,0xc2356069e9d1e79ca924378153cfbbfb4d4416b1
call_0523,data,0.2992,Base,402,0x785f3ec7eb32f30b90cd0fcf3657d388b5ff4297
call_0524,reasoning,0.2503,Base,553,0x4523540f1504cd17100c4835e85b7eefd4991158
call_0525,social,0.287,Solana,523,0x0e17daca5f3e175f448bacace3bc0da47d0655a7
call_0526,reasoning,0.2565,Base,835,0x44cb730c420480a0477b505ae68af508fb90f96c
call_0527,search,0.3175,Solana,689,0xe7f6c011776e8db7cd330b54174fd76f7d0216b6
call_0528,media,0.2633,Base,1074,0x4b227777d4dd1fc61c6f884f48641d02b4d121d3
call_0529,media,0.2361,Base,1600,0x5f9c4ab08cac7457e9111a30e4664920607ea2c1
call_0530,data,0.2643,Solana,460,0x7902699be42c8a8e46fbbb4501726517e86b22c5
call_0531,social,0.2021,Solana,335,0xaea92132c4cbeb263e6ac2bf6c183b5d81737f17
call_0532,data,0.2846,Solana,522,0xe629fa6598d732768f7c726b4b621285f9c3b853
call_0533,data,0.2606,Base,584,0xf5ca38f748a1d6eaf726b8a42fb575c3c71f1864
call_0534,data,0.2306,Base,471,0x6b51d431df5d7f141cbececcf79edf3dd861c3b4
call_0535,reasoning,0.2471,Solana,1031,0x31489056e0916d59fe3add79e63f095af3ffb816
call_0536,reasoning,0.2325,Solana,845,0x7a61b53701befdae0eeeffaecc73f14e20b537bb
call_0537,social,0.2653,Base,387,0x31489056e0916d59fe3add79e63f095af3ffb816
call_0538,infrastructure,0.2133,Base,370,0x9f14025af0065b30e47e23ebb3b491d39ae8ed17
call_0539,search,0.1851,Base,677,0x9f14025af0065b30e47e23ebb3b491d39ae8ed17
call_0540,data,0.2245,Base,391,0x670671cd97404156226e507973f2ab8330d3022c
call_0541,media,0.2906,Solana,1525,0x4a44dc15364204a80fe80e9039455cc160828182
call_0542,search,0.2158,Base,453,0xc6f3ac57944a531490cd39902d0f777715fd005e
call_0543,data,0.1978,Base,385,0xf5ca38f748a1d6eaf726b8a42fb575c3c71f1864
call_0544,reasoning,0.214,Solana,973,0x624b60c58c9d8bfb6ff1886c2fd605d2adeb6ea4
call_0545,media,0.2479,Solana,1822,0xd4735e3a265e16eee03f59718b9b5d03019c07d8
call_0546,data,0.2841,Base,391,0x7a61b53701befdae0eeeffaecc73f14e20b537bb
call_0547,reasoning,0.3027,Solana,770,0x1a6562590ef19d1045d06c4055742d38288e9e6d
call_0548,reasoning,0.2757,Base,717,0x6b51d431df5d7f141cbececcf79edf3dd861c3b4
call_0549,search,0.2132,Base,516,0x4a44dc15364204a80fe80e9039455cc160828182
call_0550,infrastructure,0.262,Solana,365,0x4e07408562bedb8b60ce05c1decfe3ad16b72230
call_0551,reasoning,0.2705,Base,1152,0xe29c9c180c6279b0b02abd6a1801c7c04082cf48
call_0552,infrastructure,0.2838,Base,315,0x9f14025af0065b30e47e23ebb3b491d39ae8ed17
call_0553,infrastructure,0.236,Solana,321,0x811786ad1ae74adfdd20dd0372abaaebc6246e34
call_0554,data,0.2095,Base,295,0xc2356069e9d1e79ca924378153cfbbfb4d4416b1
call_0555,social,0.2351,Solana,414,0x1a6562590ef19d1045d06c4055742d38288e9e6d
call_0556,reasoning,0.2831,Solana,919,0x4fc82b26aecb47d2868c4efbe3581732a3e7cbcc
call_0557,infrastructure,0.2474,Solana,354,0x98010bd9270f9b100b6214a21754fd33bdc8d41b
call_0558,media,0.1989,Solana,1709,0x73475cb40a568e8da8a045ced110137e159f890a
call_0559,reasoning,0.2954,Solana,734,0x2c624232cdd221771294dfbb310aca000a0df6ac
call_0560,reasoning,0.2471,Base,852,0x9400f1b21cb527d7fa3d3eabba93557a18ebe7a2
call_0561,data,0.25,Base,472,0xeb1e33e8a81b697b75855af6bfcdbcbf7cbbde9f
call_0562,reasoning,0.2773,Solana,1105,0xb17ef6d19c7a5b1ee83b907c595526dcb1eb06db
call_0563,infrastructure,0.2441,Base,395,0x6b51d431df5d7f141cbececcf79edf3dd861c3b4
call_0564,data,0.2607,Solana,499,0x8527a891e224136950ff32ca212b45bc93f69fbb
call_0565,search,0.25,Base,695,0xc2356069e9d1e79ca924378153cfbbfb4d4416b1
call_0566,reasoning,0.2554,Base,936,0x4e07408562bedb8b60ce05c1decfe3ad16b72230
call_0567,data,0.2502,Solana,513,0x2c624232cdd221771294dfbb310aca000a0df6ac
call_0568,media,0.3324,Solana,1590,0xeb1e33e8a81b697b75855af6bfcdbcbf7cbbde9f
call_0569,reasoning,0.2671,Base,831,0x71ee45a3c0db9a9865f7313dd3372cf60dca6479
call_0570,reasoning,0.2787,Solana,905,0x4523540f1504cd17100c4835e85b7eefd4991158
call_0571,social,0.2344,Solana,593,0xb7a56873cd771f2c446d369b649430b65a756ba2
call_0572,data,0.2639,Base,451,0xef2d127de37b942baad06145e54b0c619a1f2232
call_0573,media,0.2976,Base,1637,0xe7f6c011776e8db7cd330b54174fd76f7d0216b6
call_0574,media,0.2093,Base,1789,0x2c624232cdd221771294dfbb310aca000a0df6ac
call_0575,social,0.2261,Solana,343,0xef2d127de37b942baad06145e54b0c619a1f2232
call_0576,data,0.2685,Solana,513,0x8527a891e224136950ff32ca212b45bc93f69fbb
call_0577,infrastructure,0.2613,Base,399,0x624b60c58c9d8bfb6ff1886c2fd605d2adeb6ea4
call_0578,media,0.277,Base,1773,0x31489056e0916d59fe3add79e63f095af3ffb816
call_0579,reasoning,0.3068,Solana,916,0x73475cb40a568e8da8a045ced110137e159f890a
call_0580,media,0.2833,Base,1421,0x811786ad1ae74adfdd20dd0372abaaebc6246e34
call_0581,reasoning,0.2843,Solana,721,0x73475cb40a568e8da8a045ced110137e159f890a
call_0582,media,0.2861,Solana,1928,0xaea92132c4cbeb263e6ac2bf6c183b5d81737f17
call_0583,search,0.2487,Solana,669,0x4b227777d4dd1fc61c6f884f48641d02b4d121d3
call_0584,data,0.2657,Base,315,0x1a6562590ef19d1045d06c4055742d38288e9e6d
call_0585,infrastructure,0.2683,Base,253,0x0b918943df0962bc7a1824c0555a389347b4febd
call_0586,social,0.2372,Base,526,0x6b51d431df5d7f141cbececcf79edf3dd861c3b4
call_0587,data,0.2282,Base,407,0x7a61b53701befdae0eeeffaecc73f14e20b537bb
call_0588,data,0.2681,Base,380,0x35135aaa6cc23891b40cb3f378c53a17a1127210
call_0589,data,0.2351,Base,419,0xd59eced1ded07f84c145592f65bdf854358e009c
call_0590,search,0.2208,Solana,545,0x3d914f9348c9cc0ff8a79716700b9fcd4d2f3e71
call_0591,reasoning,0.2362,Solana,821,0x9400f1b21cb527d7fa3d3eabba93557a18ebe7a2
call_0592,media,0.2685,Solana,1675,0x6b51d431df5d7f141cbececcf79edf3dd861c3b4
call_0593,data,0.2501,Solana,494,0x19581e27de7ced00ff1ce50b2047e7a567c76b1c
call_0594,search,0.2308,Solana,589,0x19581e27de7ced00ff1ce50b2047e7a567c76b1c
call_0595,media,0.2906,Solana,1625,0x59e19706d51d39f66711c2653cd7eb1291c94d9b
call_0596,data,0.2466,Base,526,0x76a50887d8f1c2e9301755428990ad81479ee21c
call_0597,media,0.3537,Base,1353,0x73475cb40a568e8da8a045ced110137e159f890a
call_0598,social,0.2135,Solana,508,0x7902699be42c8a8e46fbbb4501726517e86b22c5
call_0599,reasoning,0.2262,Solana,818,0x3fdba35f04dc8c462986c992bcf8755462571130
call_0600,data,0.2424,Solana,327,0x4ec9599fc203d176a301536c2e091a19bc852759
call_0601,reasoning,0.24,Base,807,0x76a50887d8f1c2e9301755428990ad81479ee21c
call_0602,data,0.2816,Base,389,0xe629fa6598d732768f7c726b4b621285f9c3b853
call_0603,reasoning,0.2591,Solana,1027,0x1a6562590ef19d1045d06c4055742d38288e9e6d
call_0604,social,0.2795,Base,492,0xef2d127de37b942baad06145e54b0c619a1f2232
call_0605,search,0.1984,Solana,623,0x1a6562590ef19d1045d06c4055742d38288e9e6d
call_0606,reasoning,0.2023,Base,686,0xd4735e3a265e16eee03f59718b9b5d03019c07d8
call_0607,social,0.2283,Solana,621,0x670671cd97404156226e507973f2ab8330d3022c
call_0608,data,0.2587,Base,363,0x86e50149658661312a9e0b35558d84f6c6d3da79
call_0609,reasoning,0.2709,Base,982,0xef2d127de37b942baad06145e54b0c619a1f2232
call_0610,social,0.15,Solana,534,0x86e50149658661312a9e0b35558d84f6c6d3da79
call_0611,social,0.2626,Base,504,0xc6f3ac57944a531490cd39902d0f777715fd005e
call_0612,data,0.2525,Base,430,0xc6f3ac57944a531490cd39902d0f777715fd005e
call_0613,reasoning,0.2544,Base,994,0x0b918943df0962bc7a1824c0555a389347b4febd
call_0614,media,0.257,Base,1396,0x9f14025af0065b30e47e23ebb3b491d39ae8ed17
call_0615,social,0.1995,Solana,416,0x3d914f9348c9cc0ff8a79716700b9fcd4d2f3e71
call_0616,media,0.2691,Solana,1537,0x44cb730c420480a0477b505ae68af508fb90f96c
call_0617,search,0.3088,Base,742,0x535fa30d7e25dd8a49f1536779734ec8286108d1
call_0618,reasoning,0.2056,Solana,962,0x624b60c58c9d8bfb6ff1886c2fd605d2adeb6ea4
call_0619,reasoning,0.2383,Solana,819,0x4fc82b26aecb47d2868c4efbe3581732a3e7cbcc
call_0620,reasoning,0.2402,Base,645,0x9f14025af0065b30e47e23ebb3b491d39ae8ed17
call_0621,media,0.2281,Base,1828,0x86e50149658661312a9e0b35558d84f6c6d3da79
call_0622,reasoning,0.2326,Solana,645,0x86e50149658661312a9e0b35558d84f6c6d3da79
call_0623,data,0.2381,Solana,374,0x7902699be42c8a8e46fbbb4501726517e86b22c5
call_0624,data,0.2669,Solana,482,0x6b51d431df5d7f141cbececcf79edf3dd861c3b4
call_0625,media,0.2643,Base,1530,0xeb1e33e8a81b697b75855af6bfcdbcbf7cbbde9f
call_0626,search,0.253,Base,513,0x4e07408562bedb8b60ce05c1decfe3ad16b72230
call_0627,reasoning,0.2625,Base,967,0x4b227777d4dd1fc61c6f884f48641d02b4d121d3
call_0628,data,0.2488,Solana,382,0x0b918943df0962bc7a1824c0555a389347b4febd
call_0629,data,0.2476,Solana,368,0x98010bd9270f9b100b6214a21754fd33bdc8d41b
call_0630,search,0.224,Solana,663,0x785f3ec7eb32f30b90cd0fcf3657d388b5ff4297
call_0631,reasoning,0.2339,Base,808,0x44cb730c420480a0477b505ae68af508fb90f96c
call_0632,data,0.2312,Solana,427,0x6f4b6612125fb3a0daecd2799dfd6c9c299424fd
call_0633,data,0.2561,Base,330,0xe7f6c011776e8db7cd330b54174fd76f7d0216b6
call_0634,data,0.2383,Base,420,0x8527a891e224136950ff32ca212b45bc93f69fbb
call_0635,reasoning,0.2695,Solana,930,0x4523540f1504cd17100c4835e85b7eefd4991158
call_0636,reasoning,0.2669,Base,716,0x6b51d431df5d7f141cbececcf79edf3dd861c3b4
call_0637,reasoning,0.2961,Solana,1070,0x59e19706d51d39f66711c2653cd7eb1291c94d9b
call_0638,reasoning,0.2745,Solana,956,0x1a6562590ef19d1045d06c4055742d38288e9e6d
call_0639,data,0.2476,Base,456,0x785f3ec7eb32f30b90cd0fcf3657d388b5ff4297
call_0640,data,0.2463,Base,491,0x1a6562590ef19d1045d06c4055742d38288e9e6d
call_0641,infrastructure,0.2407,Base,292,0x5f9c4ab08cac7457e9111a30e4664920607ea2c1
call_0642,media,0.3042,Base,1606,0x670671cd97404156226e507973f2ab8330d3022c
call_0643,social,0.2478,Solana,444,0x59e19706d51d39f66711c2653cd7eb1291c94d9b
call_0644,reasoning,0.2415,Solana,733,0x6b86b273ff34fce19d6b804eff5a3f5747ada4ea
call_0645,media,0.2426,Solana,2506,0x5f9c4ab08cac7457e9111a30e4664920607ea2c1
call_0646,reasoning,0.2882,Solana,847,0x624b60c58c9d8bfb6ff1886c2fd605d2adeb6ea4
call_0647,data,0.2351,Base,350,0xc6f3ac57944a531490cd39902d0f777715fd005e
call_0648,trading,0.2298,Base,268,0x6b86b273ff34fce19d6b804eff5a3f5747ada4ea
call_0649,reasoning,0.2576,Solana,947,0xd4735e3a265e16eee03f59718b9b5d03019c07d8
call_0650,social,0.2497,Base,550,0x98010bd9270f9b100b6214a21754fd33bdc8d41b
call_0651,infrastructure,0.2504,Base,303,0x670671cd97404156226e507973f2ab8330d3022c
call_0652,reasoning,0.234,Solana,760,0x6b86b273ff34fce19d6b804eff5a3f5747ada4ea
call_0653,reasoning,0.2745,Solana,849,0x4523540f1504cd17100c4835e85b7eefd4991158
call_0654,reasoning,0.2148,Base,962,0x4523540f1504cd17100c4835e85b7eefd4991158
call_0655,media,0.2714,Solana,1969,0x6f4b6612125fb3a0daecd2799dfd6c9c299424fd
call_0656,media,0.253,Solana,2178,0x3d914f9348c9cc0ff8a79716700b9fcd4d2f3e71
call_0657,media,0.2825,Solana,2194,0x4a44dc15364204a80fe80e9039455cc160828182
call_0658,reasoning,0.2728,Base,753,0x4b227777d4dd1fc61c6f884f48641d02b4d121d3
call_0659,media,0.2474,Base,1460,0x25fc0e7096fc653718202dc30b0c580b8ab87eac
call_0660,media,0.2227,Base,1562,0x59e19706d51d39f66711c2653cd7eb1291c94d9b
call_0661,trading,0.3248,Solana,332,0xc2356069e9d1e79ca924378153cfbbfb4d4416b1
call_0662,search,0.2798,Solana,571,0x3fdba35f04dc8c462986c992bcf8755462571130
call_0663,reasoning,0.2816,Base,842,0xb17ef6d19c7a5b1ee83b907c595526dcb1eb06db
call_0664,search,0.2848,Solana,650,0x811786ad1ae74adfdd20dd0372abaaebc6246e34
call_0665,infrastructure,0.2261,Base,373,0xf5ca38f748a1d6eaf726b8a42fb575c3c71f1864
call_0666,search,0.1804,Base,513,0xf5ca38f748a1d6eaf726b8a42fb575c3c71f1864
call_0667,reasoning,0.2546,Solana,1074,0xc6f3ac57944a531490cd39902d0f777715fd005e
call_0668,search,0.2194,Base,612,0x9400f1b21cb527d7fa3d3eabba93557a18ebe7a2
call_0669,trading,0.2541,Base,371,0xb17ef6d19c7a5b1ee83b907c595526dcb1eb06db
call_0670,media,0.2689,Solana,1486,0x4a44dc15364204a80fe80e9039455cc160828182
call_0671,data,0.2327,Solana,411,0xd59eced1ded07f84c145592f65bdf854358e009c
call_0672,social,0.2894,Solana,494,0x3fdba35f04dc8c462986c992bcf8755462571130
call_0673,media,0.2544,Base,1708,0x5f9c4ab08cac7457e9111a30e4664920607ea2c1
call_0674,media,0.2924,Solana,2105,0x8527a891e224136950ff32ca212b45bc93f69fbb
call_0675,data,0.2393,Base,370,0x2c624232cdd221771294dfbb310aca000a0df6ac
call_0676,data,0.2426,Solana,501,0x7a61b53701befdae0eeeffaecc73f14e20b537bb
call_0677,search,0.1967,Base,584,0x6b86b273ff34fce19d6b804eff5a3f5747ada4ea
call_0678,media,0.2605,Base,1857,0xeb1e33e8a81b697b75855af6bfcdbcbf7cbbde9f
call_0679,media,0.2553,Base,1683,0x31489056e0916d59fe3add79e63f095af3ffb816
call_0680,data,0.2733,Solana,444,0x4fc82b26aecb47d2868c4efbe3581732a3e7cbcc
call_0681,infrastructure,0.2007,Base,284,0x25fc0e7096fc653718202dc30b0c580b8ab87eac
call_0682,reasoning,0.2457,Solana,841,0x4e07408562bedb8b60ce05c1decfe3ad16b72230
call_0683,reasoning,0.229,Solana,872,0x4e07408562bedb8b60ce05c1decfe3ad16b72230
call_0684,data,0.2579,Solana,490,0x86e50149658661312a9e0b35558d84f6c6d3da79
call_0685,reasoning,0.2476,Solana,739,0x6b86b273ff34fce19d6b804eff5a3f5747ada4ea
call_0686,media,0.2389,Base,1512,0x535fa30d7e25dd8a49f1536779734ec8286108d1
call_0687,reasoning,0.2621,Base,902,0xd59eced1ded07f84c145592f65bdf854358e009c
call_0688,reasoning,0.2266,Base,731,0x535fa30d7e25dd8a49f1536779734ec8286108d1
call_0689,media,0.2302,Solana,1526,0x670671cd97404156226e507973f2ab8330d3022c
call_0690,reasoning,0.2795,Solana,863,0xef2d127de37b942baad06145e54b0c619a1f2232
call_0691,reasoning,0.2427,Base,840,0x624b60c58c9d8bfb6ff1886c2fd605d2adeb6ea4
call_0692,trading,0.2479,Solana,324,0x19581e27de7ced00ff1ce50b2047e7a567c76b1c
call_0693,search,0.2616,Base,730,0x4523540f1504cd17100c4835e85b7eefd4991158
call_0694,media,0.2259,Base,1943,0x6b86b273ff34fce19d6b804eff5a3f5747ada4ea
call_0695,data,0.255,Solana,386,0xc2356069e9d1e79ca924378153cfbbfb4d4416b1
call_0696,trading,0.2456,Solana,296,0xb17ef6d19c7a5b1ee83b907c595526dcb1eb06db
call_0697,media,0.2467,Base,1912,0x59e19706d51d39f66711c2653cd7eb1291c94d9b
call_0698,media,0.3165,Solana,1466,0x4b227777d4dd1fc61c6f884f48641d02b4d121d3
call_0699,trading,0.2414,Solana,269,0x7a61b53701befdae0eeeffaecc73f14e20b537bb
call_0700,reasoning,0.2511,Base,931,0x9400f1b21cb527d7fa3d3eabba93557a18ebe7a2
call_0701,data,0.2321,Base,435,0x31489056e0916d59fe3add79e63f095af3ffb816
call_0702,social,0.2492,Base,569,0x7a61b53701befdae0eeeffaecc73f14e20b537bb
call_0703,reasoning,0.2294,Solana,690,0xaea92132c4cbeb263e6ac2bf6c183b5d81737f17
call_0704,data,0.262,Solana,435,0xf5ca38f748a1d6eaf726b8a42fb575c3c71f1864
call_0705,search,0.2516,Solana,541,0x670671cd97404156226e507973f2ab8330d3022c
call_0706,data,0.2511,Base,379,0x31489056e0916d59fe3add79e63f095af3ffb816
call_0707,reasoning,0.2816,Solana,967,0x0e17daca5f3e175f448bacace3bc0da47d0655a7
call_0708,reasoning,0.3258,Base,812,0x624b60c58c9d8bfb6ff1886c2fd605d2adeb6ea4
call_0709,data,0.2582,Solana,474,0xe629fa6598d732768f7c726b4b621285f9c3b853
call_0710,reasoning,0.2568,Base,730,0x9f14025af0065b30e47e23ebb3b491d39ae8ed17
call_0711,media,0.2487,Base,1432,0x7902699be42c8a8e46fbbb4501726517e86b22c5
call_0712,reasoning,0.2325,Solana,833,0x5f9c4ab08cac7457e9111a30e4664920607ea2c1
call_0713,reasoning,0.2669,Solana,762,0x98010bd9270f9b100b6214a21754fd33bdc8d41b
call_0714,infrastructure,0.2334,Solana,286,0x35135aaa6cc23891b40cb3f378c53a17a1127210
call_0715,data,0.2715,Base,422,0x7902699be42c8a8e46fbbb4501726517e86b22c5
call_0716,data,0.2539,Base,460,0x0e17daca5f3e175f448bacace3bc0da47d0655a7
call_0717,search,0.1981,Solana,542,0x4a44dc15364204a80fe80e9039455cc160828182
call_0718,reasoning,0.2255,Base,753,0x4e07408562bedb8b60ce05c1decfe3ad16b72230
call_0719,data,0.2187,Solana,366,0x4ec9599fc203d176a301536c2e091a19bc852759
call_0720,reasoning,0.2765,Solana,683,0x98010bd9270f9b100b6214a21754fd33bdc8d41b
call_0721,search,0.2283,Base,555,0x6f4b6612125fb3a0daecd2799dfd6c9c299424fd
call_0722,data,0.2594,Base,397,0x670671cd97404156226e507973f2ab8330d3022c
call_0723,reasoning,0.2755,Solana,774,0xd4735e3a265e16eee03f59718b9b5d03019c07d8
call_0724,data,0.2274,Base,486,0xe29c9c180c6279b0b02abd6a1801c7c04082cf48
call_0725,search,0.2738,Base,822,0x6b86b273ff34fce19d6b804eff5a3f5747ada4ea
call_0726,search,0.1935,Base,434,0x0e17daca5f3e175f448bacace3bc0da47d0655a7
call_0727,infrastructure,0.2335,Solana,337,0xef2d127de37b942baad06145e54b0c619a1f2232
call_0728,reasoning,0.2137,Solana,786,0x76a50887d8f1c2e9301755428990ad81479ee21c
call_0729,reasoning,0.2717,Solana,781,0xd59eced1ded07f84c145592f65bdf854358e009c
call_0730,reasoning,0.2727,Base,701,0xeb1e33e8a81b697b75855af6bfcdbcbf7cbbde9f
call_0731,reasoning,0.2565,Base,870,0xd59eced1ded07f84c145592f65bdf854358e009c
call_0732,search,0.2022,Base,692,0x76a50887d8f1c2e9301755428990ad81479ee21c
call_0733,social,0.2386,Solana,397,0xb7a56873cd771f2c446d369b649430b65a756ba2
call_0734,reasoning,0.2338,Base,1037,0x8527a891e224136950ff32ca212b45bc93f69fbb
call_0735,data,0.2524,Solana,349,0x4a44dc15364204a80fe80e9039455cc160828182
call_0736,social,0.2526,Solana,290,0x4ec9599fc203d176a301536c2e091a19bc852759
call_0737,media,0.2414,Solana,1952,0x4523540f1504cd17100c4835e85b7eefd4991158
call_0738,reasoning,0.2021,Base,704,0xf5ca38f748a1d6eaf726b8a42fb575c3c71f1864
call_0739,data,0.2331,Base,394,0x35135aaa6cc23891b40cb3f378c53a17a1127210
call_0740,media,0.3157,Solana,1442,0x86e50149658661312a9e0b35558d84f6c6d3da79
call_0741,media,0.3076,Solana,1536,0x4523540f1504cd17100c4835e85b7eefd4991158
call_0742,reasoning,0.2376,Base,906,0xc6f3ac57944a531490cd39902d0f777715fd005e
call_0743,social,0.2542,Base,505,0xeb1e33e8a81b697b75855af6bfcdbcbf7cbbde9f
call_0744,infrastructure,0.3198,Base,382,0x6b86b273ff34fce19d6b804eff5a3f5747ada4ea
call_0745,social,0.2565,Base,548,0x35135aaa6cc23891b40cb3f378c53a17a1127210
call_0746,data,0.2389,Base,462,0x9f14025af0065b30e47e23ebb3b491d39ae8ed17
call_0747,reasoning,0.2772,Base,943,0x3fdba35f04dc8c462986c992bcf8755462571130
call_0748,infrastructure,0.2824,Solana,267,0xaea92132c4cbeb263e6ac2bf6c183b5d81737f17
call_0749,media,0.2973,Solana,1904,0xb7a56873cd771f2c446d369b649430b65a756ba2
call_0750,social,0.2184,Base,489,0x25fc0e7096fc653718202dc30b0c580b8ab87eac
call_0751,data,0.2085,Base,394,0x59e19706d51d39f66711c2653cd7eb1291c94d9b
call_0752,reasoning,0.2622,Solana,710,0x5f9c4ab08cac7457e9111a30e4664920607ea2c1
call_0753,search,0.2614,Solana,770,0xb7a56873cd771f2c446d369b649430b65a756ba2
call_0754,media,0.279,Solana,1699,0x4ec9599fc203d176a301536c2e091a19bc852759
call_0755,reasoning,0.2516,Solana,890,0x7a61b53701befdae0eeeffaecc73f14e20b537bb
call_0756,data,0.1905,Solana,379,0x35135aaa6cc23891b40cb3f378c53a17a1127210
call_0757,data,0.2536,Solana,416,0xb17ef6d19c7a5b1ee83b907c595526dcb1eb06db
call_0758,reasoning,0.2621,Solana,686,0x8527a891e224136950ff32ca212b45bc93f69fbb
call_0759,data,0.2567,Base,428,0x31489056e0916d59fe3add79e63f095af3ffb816
call_0760,media,0.2496,Base,1647,0x73475cb40a568e8da8a045ced110137e159f890a
call_0761,trading,0.2694,Solana,251,0xd4735e3a265e16eee03f59718b9b5d03019c07d8
call_0762,search,0.2926,Base,546,0xd4735e3a265e16eee03f59718b9b5d03019c07d8
call_0763,reasoning,0.2494,Solana,779,0xf5ca38f748a1d6eaf726b8a42fb575c3c71f1864
call_0764,reasoning,0.2068,Base,744,0xb17ef6d19c7a5b1ee83b907c595526dcb1eb06db
call_0765,data,0.2632,Base,361,0x3d914f9348c9cc0ff8a79716700b9fcd4d2f3e71
call_0766,infrastructure,0.2716,Base,377,0x73475cb40a568e8da8a045ced110137e159f890a
call_0767,search,0.1976,Solana,491,0x4a44dc15364204a80fe80e9039455cc160828182
call_0768,media,0.3285,Solana,1788,0xaea92132c4cbeb263e6ac2bf6c183b5d81737f17
call_0769,media,0.2686,Solana,1035,0x9400f1b21cb527d7fa3d3eabba93557a18ebe7a2
call_0770,search,0.209,Base,616,0x7902699be42c8a8e46fbbb4501726517e86b22c5
call_0771,social,0.2444,Base,608,0xeb1e33e8a81b697b75855af6bfcdbcbf7cbbde9f
call_0772,search,0.2126,Solana,877,0xc6f3ac57944a531490cd39902d0f777715fd005e
call_0773,media,0.2884,Solana,2175,0x7902699be42c8a8e46fbbb4501726517e86b22c5
call_0774,trading,0.267,Solana,294,0x1a6562590ef19d1045d06c4055742d38288e9e6d
call_0775,reasoning,0.2337,Solana,852,0xeb1e33e8a81b697b75855af6bfcdbcbf7cbbde9f
call_0776,reasoning,0.2512,Base,847,0x71ee45a3c0db9a9865f7313dd3372cf60dca6479
call_0777,reasoning,0.2418,Base,789,0xb7a56873cd771f2c446d369b649430b65a756ba2
call_0778,reasoning,0.2105,Solana,924,0x4e07408562bedb8b60ce05c1decfe3ad16b72230
call_0779,search,0.2809,Base,529,0x6b51d431df5d7f141cbececcf79edf3dd861c3b4
call_0780,social,0.2647,Base,518,0xb17ef6d19c7a5b1ee83b907c595526dcb1eb06db
call_0781,data,0.2196,Solana,451,0x19581e27de7ced00ff1ce50b2047e7a567c76b1c
call_0782,social,0.2855,Base,584,0xe7f6c011776e8db7cd330b54174fd76f7d0216b6
call_0783,data,0.2741,Solana,455,0x670671cd97404156226e507973f2ab8330d3022c
call_0784,media,0.2622,Solana,1968,0x31489056e0916d59fe3add79e63f095af3ffb816
call_0785,infrastructure,0.2858,Solana,383,0xd59eced1ded07f84c145592f65bdf854358e009c
call_0786,data,0.2661,Solana,437,0x71ee45a3c0db9a9865f7313dd3372cf60dca6479
call_0787,reasoning,0.2197,Base,725,0x624b60c58c9d8bfb6ff1886c2fd605d2adeb6ea4
call_0788,social,0.2387,Base,590,0xf5ca38f748a1d6eaf726b8a42fb575c3c71f1864
call_0789,search,0.2567,Solana,586,0xf5ca38f748a1d6eaf726b8a42fb575c3c71f1864
call_0790,search,0.2445,Solana,766,0x25fc0e7096fc653718202dc30b0c580b8ab87eac
call_0791,reasoning,0.2636,Solana,715,0xc2356069e9d1e79ca924378153cfbbfb4d4416b1
call_0792,reasoning,0.2769,Base,882,0xef2d127de37b942baad06145e54b0c619a1f2232
call_0793,reasoning,0.2485,Base,841,0x535fa30d7e25dd8a49f1536779734ec8286108d1
call_0794,reasoning,0.2422,Base,649,0x31489056e0916d59fe3add79e63f095af3ffb816
call_0795,reasoning,0.2596,Solana,681,0x6b86b273ff34fce19d6b804eff5a3f5747ada4ea
call_0796,media,0.2635,Base,2015,0x811786ad1ae74adfdd20dd0372abaaebc6246e34
call_0797,data,0.2206,Base,480,0x7a61b53701befdae0eeeffaecc73f14e20b537bb
call_0798,social,0.2457,Solana,538,0x535fa30d7e25dd8a49f1536779734ec8286108d1
call_0799,media,0.2607,Base,1468,0xaea92132c4cbeb263e6ac2bf6c183b5d81737f17
call_0800,media,0.2899,Base,1442,0x0e17daca5f3e175f448bacace3bc0da47d0655a7
call_0801,social,0.1855,Solana,584,0xc6f3ac57944a531490cd39902d0f777715fd005e
call_0802,reasoning,0.2645,Base,740,0x8527a891e224136950ff32ca212b45bc93f69fbb
call_0803,search,0.2048,Base,593,0x785f3ec7eb32f30b90cd0fcf3657d388b5ff4297
call_0804,reasoning,0.2202,Base,898,0x44cb730c420480a0477b505ae68af508fb90f96c
call_0805,reasoning,0.2696,Base,883,0x86e50149658661312a9e0b35558d84f6c6d3da79
call_0806,reasoning,0.2026,Solana,880,0x71ee45a3c0db9a9865f7313dd3372cf60dca6479
call_0807,media,0.2232,Base,1830,0x4523540f1504cd17100c4835e85b7eefd4991158
call_0808,data,0.2568,Solana,552,0x7902699be42c8a8e46fbbb4501726517e86b22c5
call_0809,reasoning,0.23,Solana,774,0x9400f1b21cb527d7fa3d3eabba93557a18ebe7a2
call_0810,media,0.2857,Solana,1544,0x4523540f1504cd17100c4835e85b7eefd4991158
call_0811,reasoning,0.2357,Base,627,0x0b918943df0962bc7a1824c0555a389347b4febd
call_0812,data,0.2194,Base,514,0xef2d127de37b942baad06145e54b0c619a1f2232
call_0813,reasoning,0.2088,Solana,1016,0x6b51d431df5d7f141cbececcf79edf3dd861c3b4
call_0814,data,0.2332,Base,382,0xaea92132c4cbeb263e6ac2bf6c183b5d81737f17
call_0815,data,0.2529,Solana,299,0x1a6562590ef19d1045d06c4055742d38288e9e6d
call_0816,reasoning,0.2587,Solana,808,0x9f14025af0065b30e47e23ebb3b491d39ae8ed17
call_0817,data,0.2306,Solana,488,0x98010bd9270f9b100b6214a21754fd33bdc8d41b
call_0818,search,0.2141,Solana,726,0x1a6562590ef19d1045d06c4055742d38288e9e6d
call_0819,search,0.2733,Solana,547,0x35135aaa6cc23891b40cb3f378c53a17a1127210
call_0820,social,0.2316,Solana,616,0x5f9c4ab08cac7457e9111a30e4664920607ea2c1
call_0821,trading,0.2209,Solana,356,0x59e19706d51d39f66711c2653cd7eb1291c94d9b
call_0822,infrastructure,0.2172,Base,404,0x31489056e0916d59fe3add79e63f095af3ffb816
call_0823,trading,0.282,Solana,347,0xd59eced1ded07f84c145592f65bdf854358e009c
call_0824,reasoning,0.2656,Solana,881,0x535fa30d7e25dd8a49f1536779734ec8286108d1
call_0825,reasoning,0.2273,Solana,840,0x0b918943df0962bc7a1824c0555a389347b4febd
call_0826,reasoning,0.2579,Base,819,0xb17ef6d19c7a5b1ee83b907c595526dcb1eb06db
call_0827,search,0.2092,Base,445,0xe629fa6598d732768f7c726b4b621285f9c3b853
call_0828,infrastructure,0.2764,Base,253,0x8527a891e224136950ff32ca212b45bc93f69fbb
call_0829,reasoning,0.2238,Solana,913,0x73475cb40a568e8da8a045ced110137e159f890a
call_0830,data,0.2624,Solana,428,0x5f9c4ab08cac7457e9111a30e4664920607ea2c1
call_0831,trading,0.2902,Solana,241,0x4ec9599fc203d176a301536c2e091a19bc852759
call_0832,search,0.2601,Solana,601,0xb7a56873cd771f2c446d369b649430b65a756ba2
call_0833,reasoning,0.2821,Base,745,0x4ec9599fc203d176a301536c2e091a19bc852759
call_0834,infrastructure,0.2244,Base,337,0x670671cd97404156226e507973f2ab8330d3022c
call_0835,media,0.2427,Base,1796,0x73475cb40a568e8da8a045ced110137e159f890a
call_0836,media,0.265,Solana,1572,0x2c624232cdd221771294dfbb310aca000a0df6ac
call_0837,data,0.2468,Base,425,0x4b227777d4dd1fc61c6f884f48641d02b4d121d3
call_0838,reasoning,0.2611,Solana,894,0xb17ef6d19c7a5b1ee83b907c595526dcb1eb06db
call_0839,media,0.2944,Solana,1911,0x44cb730c420480a0477b505ae68af508fb90f96c
call_0840,media,0.278,Base,1827,0x7902699be42c8a8e46fbbb4501726517e86b22c5
call_0841,data,0.2338,Solana,465,0xe29c9c180c6279b0b02abd6a1801c7c04082cf48
call_0842,media,0.2544,Solana,1513,0x0b918943df0962bc7a1824c0555a389347b4febd
call_0843,data,0.2396,Solana,316,0xe29c9c180c6279b0b02abd6a1801c7c04082cf48
call_0844,data,0.3116,Base,396,0xe29c9c180c6279b0b02abd6a1801c7c04082cf48
call_0845,reasoning,0.2318,Base,995,0x0b918943df0962bc7a1824c0555a389347b4febd
call_0846,reasoning,0.2689,Solana,812,0xd59eced1ded07f84c145592f65bdf854358e009c
call_0847,media,0.2649,Solana,1293,0x5f9c4ab08cac7457e9111a30e4664920607ea2c1
call_0848,reasoning,0.269,Base,876,0x6b51d431df5d7f141cbececcf79edf3dd861c3b4
call_0849,data,0.2757,Solana,480,0x2c624232cdd221771294dfbb310aca000a0df6ac
call_0850,search,0.2277,Base,482,0x785f3ec7eb32f30b90cd0fcf3657d388b5ff4297
call_0851,media,0.3082,Base,1387,0x8527a891e224136950ff32ca212b45bc93f69fbb
call_0852,reasoning,0.2029,Base,885,0x35135aaa6cc23891b40cb3f378c53a17a1127210
call_0853,reasoning,0.2838,Solana,1058,0xc6f3ac57944a531490cd39902d0f777715fd005e
call_0854,reasoning,0.2945,Base,780,0x6f4b6612125fb3a0daecd2799dfd6c9c299424fd
call_0855,search,0.2295,Base,678,0xe629fa6598d732768f7c726b4b621285f9c3b853
call_0856,reasoning,0.2085,Solana,713,0x0e17daca5f3e175f448bacace3bc0da47d0655a7
call_0857,reasoning,0.242,Solana,750,0x76a50887d8f1c2e9301755428990ad81479ee21c
call_0858,infrastructure,0.1839,Base,302,0x670671cd97404156226e507973f2ab8330d3022c
call_0859,reasoning,0.2601,Solana,872,0xaea92132c4cbeb263e6ac2bf6c183b5d81737f17
call_0860,data,0.2753,Solana,372,0x76a50887d8f1c2e9301755428990ad81479ee21c
call_0861,data,0.2843,Base,400,0x3d914f9348c9cc0ff8a79716700b9fcd4d2f3e71
call_0862,data,0.2454,Solana,398,0x71ee45a3c0db9a9865f7313dd3372cf60dca6479
call_0863,data,0.2551,Base,435,0x71ee45a3c0db9a9865f7313dd3372cf60dca6479
call_0864,data,0.2461,Solana,369,0x71ee45a3c0db9a9865f7313dd3372cf60dca6479
call_0865,data,0.2627,Solana,411,0xc6f3ac57944a531490cd39902d0f777715fd005e
call_0866,media,0.2669,Solana,1732,0x670671cd97404156226e507973f2ab8330d3022c
call_0867,reasoning,0.1916,Solana,828,0xd59eced1ded07f84c145592f65bdf854358e009c
call_0868,reasoning,0.2648,Solana,750,0xef2d127de37b942baad06145e54b0c619a1f2232
call_0869,reasoning,0.2523,Base,615,0x71ee45a3c0db9a9865f7313dd3372cf60dca6479
call_0870,reasoning,0.2599,Solana,694,0x71ee45a3c0db9a9865f7313dd3372cf60dca6479
call_0871,search,0.286,Solana,447,0x7902699be42c8a8e46fbbb4501726517e86b22c5
call_0872,reasoning,0.2579,Base,907,0x98010bd9270f9b100b6214a21754fd33bdc8d41b
call_0873,media,0.2528,Base,1310,0x785f3ec7eb32f30b90cd0fcf3657d388b5ff4297
call_0874,reasoning,0.2219,Solana,878,0xb7a56873cd771f2c446d369b649430b65a756ba2
call_0875,reasoning,0.2378,Base,1008,0xe29c9c180c6279b0b02abd6a1801c7c04082cf48
call_0876,reasoning,0.2514,Solana,722,0x4fc82b26aecb47d2868c4efbe3581732a3e7cbcc
call_0877,reasoning,0.2319,Base,694,0x6b86b273ff34fce19d6b804eff5a3f5747ada4ea
call_0878,reasoning,0.2657,Solana,648,0x9400f1b21cb527d7fa3d3eabba93557a18ebe7a2
call_0879,trading,0.2558,Base,302,0x44cb730c420480a0477b505ae68af508fb90f96c
call_0880,reasoning,0.2442,Base,645,0x4523540f1504cd17100c4835e85b7eefd4991158
call_0881,data,0.2269,Base,352,0x98010bd9270f9b100b6214a21754fd33bdc8d41b
call_0882,reasoning,0.2381,Solana,681,0x44cb730c420480a0477b505ae68af508fb90f96c
call_0883,reasoning,0.2421,Base,761,0x1a6562590ef19d1045d06c4055742d38288e9e6d
call_0884,infrastructure,0.2508,Solana,290,0x19581e27de7ced00ff1ce50b2047e7a567c76b1c
call_0885,reasoning,0.2722,Solana,934,0x811786ad1ae74adfdd20dd0372abaaebc6246e34
call_0886,reasoning,0.2236,Solana,930,0x6b51d431df5d7f141cbececcf79edf3dd861c3b4
call_0887,infrastructure,0.2715,Base,349,0xc6f3ac57944a531490cd39902d0f777715fd005e
call_0888,data,0.2826,Solana,427,0x25fc0e7096fc653718202dc30b0c580b8ab87eac
call_0889,reasoning,0.2549,Solana,924,0x670671cd97404156226e507973f2ab8330d3022c
call_0890,social,0.177,Base,505,0x9400f1b21cb527d7fa3d3eabba93557a18ebe7a2
call_0891,infrastructure,0.3291,Base,337,0x4ec9599fc203d176a301536c2e091a19bc852759
call_0892,data,0.2059,Solana,370,0x8527a891e224136950ff32ca212b45bc93f69fbb
call_0893,data,0.2318,Solana,505,0x4a44dc15364204a80fe80e9039455cc160828182
call_0894,infrastructure,0.2531,Solana,303,0xe629fa6598d732768f7c726b4b621285f9c3b853
call_0895,search,0.2227,Base,511,0x7902699be42c8a8e46fbbb4501726517e86b22c5
call_0896,reasoning,0.2925,Base,759,0xd59eced1ded07f84c145592f65bdf854358e009c
call_0897,data,0.2444,Base,468,0xef2d127de37b942baad06145e54b0c619a1f2232
call_0898,data,0.2421,Base,331,0xd4735e3a265e16eee03f59718b9b5d03019c07d8
call_0899,data,0.2253,Solana,448,0xe7f6c011776e8db7cd330b54174fd76f7d0216b6
call_0900,data,0.2272,Solana,400,0xb17ef6d19c7a5b1ee83b907c595526dcb1eb06db
call_0901,reasoning,0.233,Solana,961,0x35135aaa6cc23891b40cb3f378c53a17a1127210
call_0902,reasoning,0.2563,Solana,947,0x73475cb40a568e8da8a045ced110137e159f890a
call_0903,media,0.32,Base,1563,0x624b60c58c9d8bfb6ff1886c2fd605d2adeb6ea4
call_0904,data,0.2757,Base,443,0xc6f3ac57944a531490cd39902d0f777715fd005e
call_0905,search,0.2882,Solana,626,0xb17ef6d19c7a5b1ee83b907c595526dcb1eb06db
call_0906,social,0.2297,Solana,510,0x4523540f1504cd17100c4835e85b7eefd4991158
call_0907,reasoning,0.2161,Base,654,0x670671cd97404156226e507973f2ab8330d3022c
call_0908,infrastructure,0.2784,Base,332,0xb7a56873cd771f2c446d369b649430b65a756ba2
call_0909,trading,0.2625,Base,313,0x35135aaa6cc23891b40cb3f378c53a17a1127210
call_0910,infrastructure,0.3238,Base,339,0xd59eced1ded07f84c145592f65bdf854358e009c
call_0911,data,0.252,Solana,410,0x4b227777d4dd1fc61c6f884f48641d02b4d121d3
call_0912,search,0.2358,Solana,594,0x44cb730c420480a0477b505ae68af508fb90f96c
call_0913,reasoning,0.2515,Base,946,0x4e07408562bedb8b60ce05c1decfe3ad16b72230
call_0914,media,0.29,Base,1755,0xd4735e3a265e16eee03f59718b9b5d03019c07d8
call_0915,data,0.269,Solana,466,0x4e07408562bedb8b60ce05c1decfe3ad16b72230
call_0916,infrastructure,0.2908,Base,310,0x6b86b273ff34fce19d6b804eff5a3f5747ada4ea
call_0917,data,0.2591,Base,366,0x19581e27de7ced00ff1ce50b2047e7a567c76b1c
call_0918,reasoning,0.2445,Solana,821,0xe29c9c180c6279b0b02abd6a1801c7c04082cf48
call_0919,data,0.2233,Solana,366,0x3fdba35f04dc8c462986c992bcf8755462571130
call_0920,search,0.2257,Solana,715,0xe629fa6598d732768f7c726b4b621285f9c3b853
call_0921,media,0.257,Base,1937,0x811786ad1ae74adfdd20dd0372abaaebc6246e34
call_0922,data,0.2403,Base,469,0x9f14025af0065b30e47e23ebb3b491d39ae8ed17
call_0923,reasoning,0.2309,Base,697,0x6f4b6612125fb3a0daecd2799dfd6c9c299424fd
call_0924,data,0.268,Solana,448,0x7a61b53701befdae0eeeffaecc73f14e20b537bb
call_0925,reasoning,0.2543,Base,746,0x9f14025af0065b30e47e23ebb3b491d39ae8ed17
call_0926,search,0.1723,Solana,731,0x4fc82b26aecb47d2868c4efbe3581732a3e7cbcc
call_0927,search,0.2556,Base,663,0xaea92132c4cbeb263e6ac2bf6c183b5d81737f17
call_0928,media,0.2487,Base,1965,0x4fc82b26aecb47d2868c4efbe3581732a3e7cbcc
call_0929,media,0.2443,Base,1469,0x4a44dc15364204a80fe80e9039455cc160828182
call_0930,media,0.2961,Base,1625,0x0e17daca5f3e175f448bacace3bc0da47d0655a7
call_0931,reasoning,0.2447,Solana,722,0x811786ad1ae74adfdd20dd0372abaaebc6246e34
call_0932,data,0.2484,Base,351,0x19581e27de7ced00ff1ce50b2047e7a567c76b1c
call_0933,search,0.2456,Base,514,0xb7a56873cd771f2c446d369b649430b65a756ba2
call_0934,social,0.2332,Solana,532,0xf5ca38f748a1d6eaf726b8a42fb575c3c71f1864
call_0935,social,0.1811,Solana,517,0x785f3ec7eb32f30b90cd0fcf3657d388b5ff4297
call_0936,social,0.2273,Solana,626,0x8527a891e224136950ff32ca212b45bc93f69fbb
call_0937,data,0.2349,Solana,383,0x6b86b273ff34fce19d6b804eff5a3f5747ada4ea
call_0938,reasoning,0.2614,Solana,680,0x44cb730c420480a0477b505ae68af508fb90f96c
call_0939,reasoning,0.2164,Base,812,0x5f9c4ab08cac7457e9111a30e4664920607ea2c1
call_0940,media,0.2667,Solana,1791,0x3d914f9348c9cc0ff8a79716700b9fcd4d2f3e71
call_0941,search,0.2421,Solana,539,0xef2d127de37b942baad06145e54b0c619a1f2232
call_0942,reasoning,0.2584,Base,588,0x4fc82b26aecb47d2868c4efbe3581732a3e7cbcc
call_0943,search,0.2422,Solana,475,0xd59eced1ded07f84c145592f65bdf854358e009c
call_0944,social,0.2528,Base,480,0x7902699be42c8a8e46fbbb4501726517e86b22c5
call_0945,trading,0.3181,Base,322,0x4a44dc15364204a80fe80e9039455cc160828182
call_0946,media,0.2405,Base,1729,0x4b227777d4dd1fc61c6f884f48641d02b4d121d3
call_0947,media,0.2811,Base,1423,0x3fdba35f04dc8c462986c992bcf8755462571130
call_0948,trading,0.3328,Base,279,0x76a50887d8f1c2e9301755428990ad81479ee21c
call_0949,data,0.2747,Solana,397,0xd4735e3a265e16eee03f59718b9b5d03019c07d8
call_0950,search,0.2363,Solana,598,0x670671cd97404156226e507973f2ab8330d3022c
call_0951,infrastructure,0.2738,Base,417,0x624b60c58c9d8bfb6ff1886c2fd605d2adeb6ea4
call_0952,data,0.322,Base,342,0x73475cb40a568e8da8a045ced110137e159f890a
call_0953,data,0.2587,Solana,546,0x6b51d431df5d7f141cbececcf79edf3dd861c3b4
call_0954,reasoning,0.2676,Base,724,0x31489056e0916d59fe3add79e63f095af3ffb816
call_0955,social,0.2592,Base,526,0xd59eced1ded07f84c145592f65bdf854358e009c
call_0956,search,0.2409,Solana,529,0x5f9c4ab08cac7457e9111a30e4664920607ea2c1
call_0957,infrastructure,0.2664,Solana,338,0x535fa30d7e25dd8a49f1536779734ec8286108d1
call_0958,reasoning,0.2866,Base,807,0x73475cb40a568e8da8a045ced110137e159f890a
call_0959,social,0.1812,Base,446,0x9f14025af0065b30e47e23ebb3b491d39ae8ed17
call_0960,search,0.2823,Solana,574,0xb7a56873cd771f2c446d369b649430b65a756ba2
call_0961,trading,0.2623,Solana,324,0x785f3ec7eb32f30b90cd0fcf3657d388b5ff4297
call_0962,data,0.2575,Solana,495,0x2c624232cdd221771294dfbb310aca000a0df6ac
call_0963,reasoning,0.2229,Solana,887,0x7a61b53701befdae0eeeffaecc73f14e20b537bb
call_0964,social,0.2645,Base,490,0x4a44dc15364204a80fe80e9039455cc160828182
call_0965,reasoning,0.2852,Solana,535,0x5f9c4ab08cac7457e9111a30e4664920607ea2c1
call_0966,reasoning,0.2923,Base,754,0xb17ef6d19c7a5b1ee83b907c595526dcb1eb06db
call_0967,search,0.2516,Base,568,0x59e19706d51d39f66711c2653cd7eb1291c94d9b
call_0968,reasoning,0.2519,Solana,894,0x785f3ec7eb32f30b90cd0fcf3657d388b5ff4297
call_0969,search,0.287,Base,592,0x0b918943df0962bc7a1824c0555a389347b4febd
call_0970,media,0.2492,Solana,1652,0xc2356069e9d1e79ca924378153cfbbfb4d4416b1
call_0971,reasoning,0.3023,Solana,880,0x6b51d431df5d7f141cbececcf79edf3dd861c3b4
call_0972,reasoning,0.2511,Base,869,0x2c624232cdd221771294dfbb310aca000a0df6ac
call_0973,data,0.2635,Solana,384,0x6b51d431df5d7f141cbececcf79edf3dd861c3b4
call_0974,media,0.2735,Base,1231,0x6b51d431df5d7f141cbececcf79edf3dd861c3b4
call_0975,reasoning,0.2389,Solana,965,0x3d914f9348c9cc0ff8a79716700b9fcd4d2f3e71
call_0976,data,0.2904,Solana,342,0x73475cb40a568e8da8a045ced110137e159f890a
call_0977,reasoning,0.2644,Base,737,0x8527a891e224136950ff32ca212b45bc93f69fbb
call_0978,social,0.232,Base,346,0xb17ef6d19c7a5b1ee83b907c595526dcb1eb06db
call_0979,data,0.2393,Base,383,0x7902699be42c8a8e46fbbb4501726517e86b22c5
call_0980,trading,0.2955,Solana,310,0x44cb730c420480a0477b505ae68af508fb90f96c
call_0981,data,0.252,Base,324,0x76a50887d8f1c2e9301755428990ad81479ee21c
call_0982,data,0.242,Solana,390,0x73475cb40a568e8da8a045ced110137e159f890a
call_0983,reasoning,0.2585,Solana,795,0x1a6562590ef19d1045d06c4055742d38288e9e6d
call_0984,reasoning,0.2612,Solana,818,0x1a6562590ef19d1045d06c4055742d38288e9e6d
call_0985,reasoning,0.2111,Solana,769,0x811786ad1ae74adfdd20dd0372abaaebc6246e34
call_0986,social,0.1695,Solana,388,0x6b51d431df5d7f141cbececcf79edf3dd861c3b4
call_0987,search,0.2029,Base,794,0x4523540f1504cd17100c4835e85b7eefd4991158
call_0988,reasoning,0.2681,Solana,794,0x0b918943df0962bc7a1824c0555a389347b4febd
call_0989,social,0.1879,Base,637,0x6b86b273ff34fce19d6b804eff5a3f5747ada4ea
call_0990,data,0.2297,Solana,344,0x4ec9599fc203d176a301536c2e091a19bc852759
call_0991,reasoning,0.2384,Base,718,0x6b86b273ff34fce19d6b804eff5a3f5747ada4ea
call_0992,data,0.2349,Solana,520,0x7902699be42c8a8e46fbbb4501726517e86b22c5
call_0993,data,0.2383,Solana,435,0x0e17daca5f3e175f448bacace3bc0da47d0655a7
call_0994,reasoning,0.2466,Base,929,0x7902699be42c8a8e46fbbb4501726517e86b22c5
call_0995,search,0.2157,Base,727,0x98010bd9270f9b100b6214a21754fd33bdc8d41b
call_0996,social,0.277,Solana,571,0x0b918943df0962bc7a1824c0555a389347b4febd
call_0997,media,0.2349,Solana,1853,0xe29c9c180c6279b0b02abd6a1801c7c04082cf48
call_0998,media,0.2177,Base,1635,0xb17ef6d19c7a5b1ee83b907c595526dcb1eb06db
call_0999,media,0.2832,Base,2184,0x4a44dc15364204a80fe80e9039455cc160828182
call_1000,trading,0.2269,Base,251,0xd4735e3a265e16eee03f59718b9b5d03019c07d8
call_1001,trading,0.2786,Base,249,0x4fc82b26aecb47d2868c4efbe3581732a3e7cbcc
call_1002,media,0.2707,Base,2042,0x4b227777d4dd1fc61c6f884f48641d02b4d121d3
call_1003,search,0.2331,Base,482,0x9400f1b21cb527d7fa3d3eabba93557a18ebe7a2
call_1004,trading,0.2564,Solana,279,0x76a50887d8f1c2e9301755428990ad81479ee21c
call_1005,reasoning,0.2595,Base,833,0xe29c9c180c6279b0b02abd6a1801c7c04082cf48
call_1006,media,0.2888,Base,1646,0x59e19706d51d39f66711c2653cd7eb1291c94d9b
call_1007,data,0.232,Solana,439,0x25fc0e7096fc653718202dc30b0c580b8ab87eac
call_1008,data,0.2351,Solana,453,0x4b227777d4dd1fc61c6f884f48641d02b4d121d3
call_1009,social,0.2643,Solana,541,0x4b227777d4dd1fc61c6f884f48641d02b4d121d3
call_1010,infrastructure,0.2667,Base,342,0x5f9c4ab08cac7457e9111a30e4664920607ea2c1
call_1011,data,0.2269,Base,447,0x7902699be42c8a8e46fbbb4501726517e86b22c5
call_1012,data,0.2338,Base,356,0x0e17daca5f3e175f448bacace3bc0da47d0655a7
call_1013,media,0.2533,Solana,1047,0x9400f1b21cb527d7fa3d3eabba93557a18ebe7a2
call_1014,data,0.2739,Base,335,0x9f14025af0065b30e47e23ebb3b491d39ae8ed17
call_1015,trading,0.3409,Solana,319,0x7a61b53701befdae0eeeffaecc73f14e20b537bb
call_1016,data,0.2442,Solana,408,0xc2356069e9d1e79ca924378153cfbbfb4d4416b1
call_1017,data,0.252,Solana,482,0xaea92132c4cbeb263e6ac2bf6c183b5d81737f17
call_1018,social,0.1844,Base,425,0xe29c9c180c6279b0b02abd6a1801c7c04082cf48
call_1019,reasoning,0.2519,Base,964,0x670671cd97404156226e507973f2ab8330d3022c
call_1020,media,0.2454,Solana,2050,0x8527a891e224136950ff32ca212b45bc93f69fbb
call_1021,reasoning,0.2949,Base,660,0x6b86b273ff34fce19d6b804eff5a3f5747ada4ea
call_1022,reasoning,0.2575,Solana,707,0xc2356069e9d1e79ca924378153cfbbfb4d4416b1
call_1023,reasoning,0.2568,Solana,617,0x59e19706d51d39f66711c2653cd7eb1291c94d9b
call_1024,reasoning,0.1826,Solana,989,0x3d914f9348c9cc0ff8a79716700b9fcd4d2f3e71
call_1025,reasoning,0.2749,Solana,758,0x73475cb40a568e8da8a045ced110137e159f890a
call_1026,data,0.2857,Base,443,0x25fc0e7096fc653718202dc30b0c580b8ab87eac
call_1027,search,0.2048,Base,671,0x1a6562590ef19d1045d06c4055742d38288e9e6d
call_1028,reasoning,0.2625,Base,854,0xd4735e3a265e16eee03f59718b9b5d03019c07d8
call_1029,reasoning,0.2661,Solana,893,0x4523540f1504cd17100c4835e85b7eefd4991158
call_1030,trading,0.2289,Base,302,0x7a61b53701befdae0eeeffaecc73f14e20b537bb
call_1031,social,0.2516,Base,438,0x785f3ec7eb32f30b90cd0fcf3657d388b5ff4297
call_1032,social,0.2287,Base,574,0x7a61b53701befdae0eeeffaecc73f14e20b537bb
call_1033,data,0.2435,Solana,450,0x1a6562590ef19d1045d06c4055742d38288e9e6d
call_1034,data,0.2399,Base,475,0x535fa30d7e25dd8a49f1536779734ec8286108d1
call_1035,data,0.2436,Solana,469,0x785f3ec7eb32f30b90cd0fcf3657d388b5ff4297
call_1036,media,0.3113,Solana,2179,0x25fc0e7096fc653718202dc30b0c580b8ab87eac
call_1037,data,0.2488,Solana,456,0xaea92132c4cbeb263e6ac2bf6c183b5d81737f17
call_1038,media,0.3154,Solana,1330,0x8527a891e224136950ff32ca212b45bc93f69fbb
call_1039,reasoning,0.2998,Base,789,0x6f4b6612125fb3a0daecd2799dfd6c9c299424fd
call_1040,data,0.1881,Solana,354,0x25fc0e7096fc653718202dc30b0c580b8ab87eac
call_1041,media,0.2313,Solana,1638,0x624b60c58c9d8bfb6ff1886c2fd605d2adeb6ea4
call_1042,reasoning,0.2597,Base,775,0x4fc82b26aecb47d2868c4efbe3581732a3e7cbcc
call_1043,reasoning,0.2242,Solana,628,0x25fc0e7096fc653718202dc30b0c580b8ab87eac
call_1044,reasoning,0.2578,Base,696,0xe7f6c011776e8db7cd330b54174fd76f7d0216b6
call_1045,infrastructure,0.2463,Solana,312,0x6f4b6612125fb3a0daecd2799dfd6c9c299424fd
call_1046,infrastructure,0.2594,Solana,338,0x4b227777d4dd1fc61c6f884f48641d02b4d121d3
call_1047,data,0.2332,Solana,431,0xef2d127de37b942baad06145e54b0c619a1f2232
call_1048,reasoning,0.2607,Base,786,0x35135aaa6cc23891b40cb3f378c53a17a1127210
call_1049,reasoning,0.2283,Base,848,0xb7a56873cd771f2c446d369b649430b65a756ba2
call_1050,reasoning,0.241,Base,908,0x785f3ec7eb32f30b90cd0fcf3657d388b5ff4297
call_1051,trading,0.3137,Solana,342,0x98010bd9270f9b100b6214a21754fd33bdc8d41b
call_1052,reasoning,0.186,Solana,786,0x71ee45a3c0db9a9865f7313dd3372cf60dca6479
call_1053,reasoning,0.2569,Base,998,0x6b51d431df5d7f141cbececcf79edf3dd861c3b4
call_1054,reasoning,0.2226,Solana,1033,0x4a44dc15364204a80fe80e9039455cc160828182
call_1055,data,0.2363,Base,377,0xc2356069e9d1e79ca924378153cfbbfb4d4416b1
call_1056,search,0.2345,Base,553,0x3d914f9348c9cc0ff8a79716700b9fcd4d2f3e71
call_1057,media,0.2793,Solana,1441,0xf5ca38f748a1d6eaf726b8a42fb575c3c71f1864
call_1058,data,0.2479,Solana,490,0x98010bd9270f9b100b6214a21754fd33bdc8d41b
call_1059,data,0.2392,Base,302,0xc2356069e9d1e79ca924378153cfbbfb4d4416b1
call_1060,search,0.2518,Base,576,0x86e50149658661312a9e0b35558d84f6c6d3da79
call_1061,data,0.2594,Solana,383,0xef2d127de37b942baad06145e54b0c619a1f2232
call_1062,media,0.3273,Solana,1893,0xe629fa6598d732768f7c726b4b621285f9c3b853
call_1063,reasoning,0.2539,Base,510,0x6b86b273ff34fce19d6b804eff5a3f5747ada4ea
call_1064,data,0.2554,Base,493,0x71ee45a3c0db9a9865f7313dd3372cf60dca6479
call_1065,reasoning,0.2581,Base,800,0xaea92132c4cbeb263e6ac2bf6c183b5d81737f17
call_1066,reasoning,0.194,Base,793,0x0b918943df0962bc7a1824c0555a389347b4febd
call_1067,reasoning,0.2725,Solana,937,0xeb1e33e8a81b697b75855af6bfcdbcbf7cbbde9f
call_1068,reasoning,0.2474,Base,830,0xd4735e3a265e16eee03f59718b9b5d03019c07d8
call_1069,search,0.2611,Base,493,0xf5ca38f748a1d6eaf726b8a42fb575c3c71f1864
call_1070,data,0.2555,Base,452,0x6b51d431df5d7f141cbececcf79edf3dd861c3b4
call_1071,media,0.2487,Solana,1697,0xd59eced1ded07f84c145592f65bdf854358e009c
call_1072,media,0.2763,Base,2450,0x6b51d431df5d7f141cbececcf79edf3dd861c3b4
call_1073,media,0.3122,Solana,1753,0x7902699be42c8a8e46fbbb4501726517e86b22c5
call_1074,reasoning,0.29,Solana,864,0x44cb730c420480a0477b505ae68af508fb90f96c
call_1075,reasoning,0.2415,Base,918,0x86e50149658661312a9e0b35558d84f6c6d3da79
call_1076,data,0.2213,Solana,415,0x9f14025af0065b30e47e23ebb3b491d39ae8ed17
call_1077,search,0.2744,Base,529,0x811786ad1ae74adfdd20dd0372abaaebc6246e34
call_1078,search,0.2031,Base,611,0x71ee45a3c0db9a9865f7313dd3372cf60dca6479
call_1079,media,0.2096,Base,779,0xd4735e3a265e16eee03f59718b9b5d03019c07d8
call_1080,infrastructure,0.2345,Solana,355,0xf5ca38f748a1d6eaf726b8a42fb575c3c71f1864
call_1081,media,0.2543,Base,1530,0xc6f3ac57944a531490cd39902d0f777715fd005e
call_1082,reasoning,0.2496,Base,956,0x19581e27de7ced00ff1ce50b2047e7a567c76b1c
call_1083,reasoning,0.2994,Base,767,0x670671cd97404156226e507973f2ab8330d3022c
call_1084,media,0.2565,Solana,1645,0xaea92132c4cbeb263e6ac2bf6c183b5d81737f17
call_1085,reasoning,0.1911,Solana,1065,0x670671cd97404156226e507973f2ab8330d3022c
call_1086,social,0.2249,Solana,456,0x4a44dc15364204a80fe80e9039455cc160828182
call_1087,data,0.2667,Solana,377,0x3d914f9348c9cc0ff8a79716700b9fcd4d2f3e71
call_1088,media,0.2039,Base,1281,0xc6f3ac57944a531490cd39902d0f777715fd005e
call_1089,trading,0.2492,Solana,225,0x670671cd97404156226e507973f2ab8330d3022c
call_1090,data,0.2764,Base,446,0x3fdba35f04dc8c462986c992bcf8755462571130
call_1091,data,0.2162,Base,345,0x6b86b273ff34fce19d6b804eff5a3f5747ada4ea
call_1092,reasoning,0.2658,Solana,751,0x9400f1b21cb527d7fa3d3eabba93557a18ebe7a2
call_1093,reasoning,0.245,Solana,1084,0x6f4b6612125fb3a0daecd2799dfd6c9c299424fd
call_1094,data,0.2178,Solana,378,0x6f4b6612125fb3a0daecd2799dfd6c9c299424fd
call_1095,infrastructure,0.2137,Base,366,0x3fdba35f04dc8c462986c992bcf8755462571130
call_1096,data,0.2519,Solana,361,0xb17ef6d19c7a5b1ee83b907c595526dcb1eb06db
call_1097,reasoning,0.2524,Solana,697,0xb7a56873cd771f2c446d369b649430b65a756ba2
call_1098,media,0.2336,Base,1525,0x4ec9599fc203d176a301536c2e091a19bc852759
call_1099,data,0.2615,Solana,348,0x8527a891e224136950ff32ca212b45bc93f69fbb
call_1100,reasoning,0.243,Solana,892,0x0b918943df0962bc7a1824c0555a389347b4febd
call_1101,media,0.3257,Base,1601,0xeb1e33e8a81b697b75855af6bfcdbcbf7cbbde9f
call_1102,reasoning,0.2224,Base,739,0x670671cd97404156226e507973f2ab8330d3022c
call_1103,data,0.2635,Base,501,0x624b60c58c9d8bfb6ff1886c2fd605d2adeb6ea4
call_1104,social,0.2423,Solana,512,0x25fc0e7096fc653718202dc30b0c580b8ab87eac
call_1105,media,0.3134,Solana,1869,0x5f9c4ab08cac7457e9111a30e4664920607ea2c1
call_1106,reasoning,0.2306,Solana,900,0xd4735e3a265e16eee03f59718b9b5d03019c07d8
call_1107,media,0.3119,Base,1678,0x35135aaa6cc23891b40cb3f378c53a17a1127210
call_1108,search,0.2672,Base,577,0x811786ad1ae74adfdd20dd0372abaaebc6246e34
call_1109,data,0.2211,Base,328,0x3d914f9348c9cc0ff8a79716700b9fcd4d2f3e71
call_1110,reasoning,0.2874,Base,966,0x73475cb40a568e8da8a045ced110137e159f890a
call_1111,data,0.2881,Base,454,0x4e07408562bedb8b60ce05c1decfe3ad16b72230
call_1112,data,0.2132,Base,465,0x59e19706d51d39f66711c2653cd7eb1291c94d9b
call_1113,reasoning,0.237,Solana,808,0xe629fa6598d732768f7c726b4b621285f9c3b853
call_1114,media,0.3185,Solana,1749,0x5f9c4ab08cac7457e9111a30e4664920607ea2c1
call_1115,reasoning,0.2782,Solana,740,0x624b60c58c9d8bfb6ff1886c2fd605d2adeb6ea4
call_1116,reasoning,0.3016,Base,849,0x1a6562590ef19d1045d06c4055742d38288e9e6d
call_1117,search,0.2147,Base,546,0x4ec9599fc203d176a301536c2e091a19bc852759
call_1118,infrastructure,0.2412,Base,345,0x4e07408562bedb8b60ce05c1decfe3ad16b72230
call_1119,infrastructure,0.2504,Solana,355,0x73475cb40a568e8da8a045ced110137e159f890a
call_1120,data,0.1897,Solana,390,0x4ec9599fc203d176a301536c2e091a19bc852759
call_1121,media,0.2897,Solana,1965,0x3d914f9348c9cc0ff8a79716700b9fcd4d2f3e71
call_1122,reasoning,0.2072,Base,1068,0xe629fa6598d732768f7c726b4b621285f9c3b853
call_1123,reasoning,0.2597,Solana,873,0x4ec9599fc203d176a301536c2e091a19bc852759
call_1124,media,0.2677,Base,1492,0x19581e27de7ced00ff1ce50b2047e7a567c76b1c
call_1125,infrastructure,0.2912,Base,324,0x6f4b6612125fb3a0daecd2799dfd6c9c299424fd
call_1126,media,0.261,Solana,1566,0x5f9c4ab08cac7457e9111a30e4664920607ea2c1
call_1127,data,0.2552,Base,316,0xd59eced1ded07f84c145592f65bdf854358e009c
call_1128,trading,0.2915,Base,321,0x25fc0e7096fc653718202dc30b0c580b8ab87eac
call_1129,data,0.2868,Base,442,0x44cb730c420480a0477b505ae68af508fb90f96c
call_1130,social,0.2019,Base,580,0x6b51d431df5d7f141cbececcf79edf3dd861c3b4
call_1131,infrastructure,0.2484,Solana,293,0x0b918943df0962bc7a1824c0555a389347b4febd
call_1132,social,0.2346,Base,575,0xb7a56873cd771f2c446d369b649430b65a756ba2
call_1133,data,0.2681,Base,501,0x785f3ec7eb32f30b90cd0fcf3657d388b5ff4297
call_1134,media,0.295,Solana,1434,0x4523540f1504cd17100c4835e85b7eefd4991158
call_1135,infrastructure,0.2602,Solana,302,0xb17ef6d19c7a5b1ee83b907c595526dcb1eb06db
call_1136,data,0.2802,Solana,478,0x7a61b53701befdae0eeeffaecc73f14e20b537bb
call_1137,media,0.3057,Base,1767,0x811786ad1ae74adfdd20dd0372abaaebc6246e34
call_1138,reasoning,0.2508,Solana,837,0x4e07408562bedb8b60ce05c1decfe3ad16b72230
call_1139,media,0.2726,Solana,1659,0x4ec9599fc203d176a301536c2e091a19bc852759
call_1140,social,0.233,Solana,486,0x4e07408562bedb8b60ce05c1decfe3ad16b72230
call_1141,media,0.3012,Base,1460,0x19581e27de7ced00ff1ce50b2047e7a567c76b1c
call_1142,social,0.3012,Base,487,0x86e50149658661312a9e0b35558d84f6c6d3da79
call_1143,search,0.2516,Base,616,0x73475cb40a568e8da8a045ced110137e159f890a
call_1144,data,0.236,Base,426,0x19581e27de7ced00ff1ce50b2047e7a567c76b1c
call_1145,infrastructure,0.2978,Base,296,0x71ee45a3c0db9a9865f7313dd3372cf60dca6479
call_1146,trading,0.2916,Base,309,0x3fdba35f04dc8c462986c992bcf8755462571130
call_1147,data,0.2612,Base,403,0xb7a56873cd771f2c446d369b649430b65a756ba2
call_1148,media,0.2342,Base,1404,0xe7f6c011776e8db7cd330b54174fd76f7d0216b6
call_1149,data,0.247,Base,422,0xef2d127de37b942baad06145e54b0c619a1f2232
call_1150,search,0.2327,Base,667,0x6b51d431df5d7f141cbececcf79edf3dd861c3b4
call_1151,search,0.2403,Base,685,0x76a50887d8f1c2e9301755428990ad81479ee21c
call_1152,media,0.263,Base,1451,0x785f3ec7eb32f30b90cd0fcf3657d388b5ff4297
call_1153,reasoning,0.2144,Solana,800,0x6f4b6612125fb3a0daecd2799dfd6c9c299424fd
call_1154,reasoning,0.262,Base,1004,0x4fc82b26aecb47d2868c4efbe3581732a3e7cbcc
call_1155,reasoning,0.2266,Solana,841,0x1a6562590ef19d1045d06c4055742d38288e9e6d
call_1156,data,0.2429,Solana,446,0xeb1e33e8a81b697b75855af6bfcdbcbf7cbbde9f
call_1157,media,0.2864,Base,1599,0x3fdba35f04dc8c462986c992bcf8755462571130
call_1158,data,0.213,Solana,427,0x4e07408562bedb8b60ce05c1decfe3ad16b72230
call_1159,infrastructure,0.2601,Solana,281,0x6f4b6612125fb3a0daecd2799dfd6c9c299424fd
call_1160,search,0.2779,Base,672,0xf5ca38f748a1d6eaf726b8a42fb575c3c71f1864
call_1161,search,0.2539,Solana,550,0x19581e27de7ced00ff1ce50b2047e7a567c76b1c
call_1162,reasoning,0.2904,Solana,861,0x9400f1b21cb527d7fa3d3eabba93557a18ebe7a2
call_1163,reasoning,0.2028,Base,708,0x59e19706d51d39f66711c2653cd7eb1291c94d9b
call_1164,media,0.2668,Solana,1529,0x71ee45a3c0db9a9865f7313dd3372cf60dca6479
call_1165,reasoning,0.2453,Solana,1093,0x4b227777d4dd1fc61c6f884f48641d02b4d121d3
call_1166,search,0.2213,Solana,602,0xeb1e33e8a81b697b75855af6bfcdbcbf7cbbde9f
call_1167,trading,0.2946,Base,246,0x9400f1b21cb527d7fa3d3eabba93557a18ebe7a2
call_1168,reasoning,0.2688,Base,853,0x785f3ec7eb32f30b90cd0fcf3657d388b5ff4297
call_1169,data,0.2613,Base,441,0x0b918943df0962bc7a1824c0555a389347b4febd
call_1170,reasoning,0.2518,Base,699,0x4523540f1504cd17100c4835e85b7eefd4991158
call_1171,reasoning,0.2563,Solana,782,0x0b918943df0962bc7a1824c0555a389347b4febd
call_1172,data,0.2448,Base,324,0x785f3ec7eb32f30b90cd0fcf3657d388b5ff4297
call_1173,reasoning,0.2166,Solana,885,0x7a61b53701befdae0eeeffaecc73f14e20b537bb
call_1174,social,0.2572,Base,452,0x86e50149658661312a9e0b35558d84f6c6d3da79
call_1175,social,0.2683,Base,558,0x9f14025af0065b30e47e23ebb3b491d39ae8ed17
call_1176,search,0.251,Solana,706,0x7a61b53701befdae0eeeffaecc73f14e20b537bb
call_1177,search,0.2323,Solana,644,0xe629fa6598d732768f7c726b4b621285f9c3b853
call_1178,media,0.251,Solana,2222,0x31489056e0916d59fe3add79e63f095af3ffb816
call_1179,media,0.2391,Solana,1744,0xb7a56873cd771f2c446d369b649430b65a756ba2
call_1180,infrastructure,0.2397,Solana,375,0x811786ad1ae74adfdd20dd0372abaaebc6246e34
call_1181,reasoning,0.2535,Solana,1228,0x4b227777d4dd1fc61c6f884f48641d02b4d121d3
call_1182,media,0.2666,Base,2049,0xc6f3ac57944a531490cd39902d0f777715fd005e
call_1183,social,0.2651,Solana,409,0x98010bd9270f9b100b6214a21754fd33bdc8d41b
call_1184,reasoning,0.256,Base,902,0x4a44dc15364204a80fe80e9039455cc160828182
call_1185,data,0.2617,Base,355,0x73475cb40a568e8da8a045ced110137e159f890a
call_1186,data,0.2663,Base,371,0x0e17daca5f3e175f448bacace3bc0da47d0655a7
call_1187,data,0.2364,Solana,458,0x3fdba35f04dc8c462986c992bcf8755462571130
call_1188,data,0.2396,Solana,391,0x4fc82b26aecb47d2868c4efbe3581732a3e7cbcc
call_1189,data,0.2584,Solana,355,0x811786ad1ae74adfdd20dd0372abaaebc6246e34
call_1190,search,0.2135,Solana,537,0x8527a891e224136950ff32ca212b45bc93f69fbb
call_1191,data,0.2606,Base,361,0x4e07408562bedb8b60ce05c1decfe3ad16b72230
call_1192,data,0.2822,Base,371,0x4ec9599fc203d176a301536c2e091a19bc852759
call_1193,infrastructure,0.2715,Solana,305,0xc6f3ac57944a531490cd39902d0f777715fd005e
call_1194,media,0.3229,Solana,2155,0x31489056e0916d59fe3add79e63f095af3ffb816
call_1195,data,0.2797,Solana,466,0xc2356069e9d1e79ca924378153cfbbfb4d4416b1
call_1196,infrastructure,0.2549,Solana,338,0x4fc82b26aecb47d2868c4efbe3581732a3e7cbcc
call_1197,search,0.2772,Base,426,0x3fdba35f04dc8c462986c992bcf8755462571130
call_1198,data,0.2356,Base,365,0x73475cb40a568e8da8a045ced110137e159f890a
call_1199,media,0.3408,Solana,1421,0xeb1e33e8a81b697b75855af6bfcdbcbf7cbbde9f
call_1200,reasoning,0.26,Base,876,0x670671cd97404156226e507973f2ab8330d3022c
call_1201,media,0.2329,Solana,1872,0xe629fa6598d732768f7c726b4b621285f9c3b853
call_1202,search,0.2453,Solana,629,0x4e07408562bedb8b60ce05c1decfe3ad16b72230
call_1203,reasoning,0.248,Solana,759,0xd59eced1ded07f84c145592f65bdf854358e009c
call_1204,media,0.269,Base,1491,0x4fc82b26aecb47d2868c4efbe3581732a3e7cbcc
call_1205,media,0.2411,Base,1648,0x31489056e0916d59fe3add79e63f095af3ffb816
call_1206,social,0.2263,Base,499,0x9400f1b21cb527d7fa3d3eabba93557a18ebe7a2
call_1207,data,0.2923,Solana,398,0x811786ad1ae74adfdd20dd0372abaaebc6246e34
call_1208,data,0.2899,Solana,420,0x6b51d431df5d7f141cbececcf79edf3dd861c3b4
call_1209,reasoning,0.2577,Base,832,0xe29c9c180c6279b0b02abd6a1801c7c04082cf48
call_1210,reasoning,0.2497,Base,802,0x5f9c4ab08cac7457e9111a30e4664920607ea2c1
call_1211,search,0.2743,Solana,546,0xef2d127de37b942baad06145e54b0c619a1f2232
call_1212,data,0.2752,Base,338,0xc2356069e9d1e79ca924378153cfbbfb4d4416b1
call_1213,reasoning,0.2433,Base,1032,0xe629fa6598d732768f7c726b4b621285f9c3b853
call_1214,data,0.2318,Solana,438,0x3fdba35f04dc8c462986c992bcf8755462571130
call_1215,reasoning,0.2794,Solana,628,0x3d914f9348c9cc0ff8a79716700b9fcd4d2f3e71
call_1216,data,0.2209,Base,420,0x5f9c4ab08cac7457e9111a30e4664920607ea2c1
call_1217,media,0.2145,Solana,1658,0x86e50149658661312a9e0b35558d84f6c6d3da79
call_1218,media,0.3151,Base,1500,0x59e19706d51d39f66711c2653cd7eb1291c94d9b
call_1219,trading,0.2176,Base,314,0x811786ad1ae74adfdd20dd0372abaaebc6246e34
call_1220,reasoning,0.2736,Solana,696,0xe629fa6598d732768f7c726b4b621285f9c3b853
call_1221,social,0.2629,Solana,459,0xe629fa6598d732768f7c726b4b621285f9c3b853
call_1222,infrastructure,0.3263,Base,272,0x2c624232cdd221771294dfbb310aca000a0df6ac
call_1223,infrastructure,0.2895,Base,297,0x7a61b53701befdae0eeeffaecc73f14e20b537bb
call_1224,social,0.2503,Solana,548,0x4a44dc15364204a80fe80e9039455cc160828182
call_1225,social,0.2633,Solana,505,0x624b60c58c9d8bfb6ff1886c2fd605d2adeb6ea4
call_1226,social,0.2389,Base,613,0x86e50149658661312a9e0b35558d84f6c6d3da79
call_1227,data,0.2309,Solana,534,0x4fc82b26aecb47d2868c4efbe3581732a3e7cbcc
call_1228,reasoning,0.2036,Base,992,0x35135aaa6cc23891b40cb3f378c53a17a1127210
call_1229,search,0.2556,Solana,594,0x3fdba35f04dc8c462986c992bcf8755462571130
call_1230,infrastructure,0.2741,Base,376,0xe29c9c180c6279b0b02abd6a1801c7c04082cf48
call_1231,data,0.2703,Solana,400,0x670671cd97404156226e507973f2ab8330d3022c
call_1232,data,0.2559,Base,351,0x59e19706d51d39f66711c2653cd7eb1291c94d9b
call_1233,search,0.2648,Base,516,0x31489056e0916d59fe3add79e63f095af3ffb816
call_1234,media,0.3196,Solana,1876,0xc6f3ac57944a531490cd39902d0f777715fd005e
call_1235,media,0.2454,Base,1373,0x59e19706d51d39f66711c2653cd7eb1291c94d9b
call_1236,media,0.2627,Solana,1497,0xc6f3ac57944a531490cd39902d0f777715fd005e
call_1237,search,0.2232,Base,666,0x7a61b53701befdae0eeeffaecc73f14e20b537bb
call_1238,data,0.201,Solana,349,0x19581e27de7ced00ff1ce50b2047e7a567c76b1c
call_1239,reasoning,0.2264,Solana,778,0x19581e27de7ced00ff1ce50b2047e7a567c76b1c
call_1240,search,0.2513,Solana,611,0xf5ca38f748a1d6eaf726b8a42fb575c3c71f1864
call_1241,reasoning,0.2115,Base,765,0xe629fa6598d732768f7c726b4b621285f9c3b853
call_1242,social,0.2856,Base,574,0x4a44dc15364204a80fe80e9039455cc160828182
call_1243,reasoning,0.266,Solana,743,0x2c624232cdd221771294dfbb310aca000a0df6ac
call_1244,search,0.2527,Solana,630,0x7902699be42c8a8e46fbbb4501726517e86b22c5
call_1245,reasoning,0.232,Base,913,0x624b60c58c9d8bfb6ff1886c2fd605d2adeb6ea4
call_1246,media,0.2296,Solana,1399,0x811786ad1ae74adfdd20dd0372abaaebc6246e34
call_1247,data,0.2233,Solana,428,0x624b60c58c9d8bfb6ff1886c2fd605d2adeb6ea4
call_1248,media,0.2677,Solana,2117,0x19581e27de7ced00ff1ce50b2047e7a567c76b1c
call_1249,data,0.2574,Base,354,0x73475cb40a568e8da8a045ced110137e159f890a
call_1250,reasoning,0.2342,Solana,819,0x6b86b273ff34fce19d6b804eff5a3f5747ada4ea
call_1251,data,0.2609,Solana,382,0x19581e27de7ced00ff1ce50b2047e7a567c76b1c
call_1252,reasoning,0.3122,Solana,893,0xaea92132c4cbeb263e6ac2bf6c183b5d81737f17
call_1253,reasoning,0.2627,Base,1000,0x98010bd9270f9b100b6214a21754fd33bdc8d41b
call_1254,data,0.269,Solana,397,0xaea92132c4cbeb263e6ac2bf6c183b5d81737f17
call_1255,reasoning,0.2781,Solana,830,0x4523540f1504cd17100c4835e85b7eefd4991158
call_1256,media,0.3059,Solana,1758,0x1a6562590ef19d1045d06c4055742d38288e9e6d
call_1257,trading,0.2399,Solana,267,0x4523540f1504cd17100c4835e85b7eefd4991158
call_1258,reasoning,0.2453,Solana,720,0x4b227777d4dd1fc61c6f884f48641d02b4d121d3
call_1259,media,0.3027,Base,1760,0x2c624232cdd221771294dfbb310aca000a0df6ac
call_1260,social,0.2171,Base,533,0x8527a891e224136950ff32ca212b45bc93f69fbb
call_1261,infrastructure,0.2989,Solana,368,0x19581e27de7ced00ff1ce50b2047e7a567c76b1c
call_1262,search,0.2339,Solana,619,0xf5ca38f748a1d6eaf726b8a42fb575c3c71f1864
call_1263,media,0.3022,Solana,1456,0x6f4b6612125fb3a0daecd2799dfd6c9c299424fd
call_1264,trading,0.2652,Solana,285,0x0e17daca5f3e175f448bacace3bc0da47d0655a7
call_1265,search,0.2532,Base,850,0xaea92132c4cbeb263e6ac2bf6c183b5d81737f17
call_1266,reasoning,0.2379,Solana,987,0xb7a56873cd771f2c446d369b649430b65a756ba2
call_1267,search,0.2673,Base,441,0x98010bd9270f9b100b6214a21754fd33bdc8d41b
call_1268,media,0.3232,Solana,873,0x4ec9599fc203d176a301536c2e091a19bc852759
call_1269,social,0.1648,Base,545,0x9400f1b21cb527d7fa3d3eabba93557a18ebe7a2
call_1270,search,0.2285,Base,433,0xd4735e3a265e16eee03f59718b9b5d03019c07d8
call_1271,trading,0.3229,Solana,210,0x5f9c4ab08cac7457e9111a30e4664920607ea2c1
call_1272,search,0.2412,Solana,647,0x3fdba35f04dc8c462986c992bcf8755462571130
call_1273,data,0.2632,Base,384,0x19581e27de7ced00ff1ce50b2047e7a567c76b1c
call_1274,search,0.2402,Solana,626,0xe7f6c011776e8db7cd330b54174fd76f7d0216b6
call_1275,media,0.2607,Solana,1730,0x9f14025af0065b30e47e23ebb3b491d39ae8ed17
call_1276,media,0.2635,Solana,1468,0x0b918943df0962bc7a1824c0555a389347b4febd
call_1277,social,0.2524,Solana,512,0x0b918943df0962bc7a1824c0555a389347b4febd
call_1278,media,0.2124,Solana,1757,0x4b227777d4dd1fc61c6f884f48641d02b4d121d3
call_1279,reasoning,0.2367,Base,1067,0x5f9c4ab08cac7457e9111a30e4664920607ea2c1
call_1280,social,0.1845,Base,632,0x9f14025af0065b30e47e23ebb3b491d39ae8ed17
call_1281,reasoning,0.2276,Solana,1057,0x5f9c4ab08cac7457e9111a30e4664920607ea2c1
call_1282,media,0.2931,Solana,2266,0xd59eced1ded07f84c145592f65bdf854358e009c
call_1283,data,0.2365,Solana,299,0x811786ad1ae74adfdd20dd0372abaaebc6246e34
call_1284,reasoning,0.2505,Base,720,0xc2356069e9d1e79ca924378153cfbbfb4d4416b1
call_1285,media,0.2851,Solana,1696,0x71ee45a3c0db9a9865f7313dd3372cf60dca6479
call_1286,reasoning,0.2596,Solana,1148,0x4fc82b26aecb47d2868c4efbe3581732a3e7cbcc
call_1287,reasoning,0.2498,Solana,784,0x44cb730c420480a0477b505ae68af508fb90f96c
call_1288,data,0.2675,Solana,421,0x624b60c58c9d8bfb6ff1886c2fd605d2adeb6ea4
call_1289,reasoning,0.2549,Solana,634,0x35135aaa6cc23891b40cb3f378c53a17a1127210
call_1290,social,0.171,Base,512,0x4523540f1504cd17100c4835e85b7eefd4991158
call_1291,media,0.2582,Base,1129,0x4b227777d4dd1fc61c6f884f48641d02b4d121d3
call_1292,data,0.275,Solana,469,0x19581e27de7ced00ff1ce50b2047e7a567c76b1c
call_1293,reasoning,0.2663,Solana,902,0x76a50887d8f1c2e9301755428990ad81479ee21c
call_1294,data,0.2338,Base,411,0x98010bd9270f9b100b6214a21754fd33bdc8d41b
call_1295,social,0.2757,Solana,601,0x4523540f1504cd17100c4835e85b7eefd4991158
call_1296,social,0.234,Base,535,0x5f9c4ab08cac7457e9111a30e4664920607ea2c1
call_1297,social,0.2581,Solana,462,0x59e19706d51d39f66711c2653cd7eb1291c94d9b
call_1298,reasoning,0.2378,Solana,1038,0xd4735e3a265e16eee03f59718b9b5d03019c07d8
call_1299,media,0.3121,Base,1813,0x76a50887d8f1c2e9301755428990ad81479ee21c
call_1300,reasoning,0.2579,Base,854,0x0e17daca5f3e175f448bacace3bc0da47d0655a7
call_1301,media,0.249,Solana,1572,0x3fdba35f04dc8c462986c992bcf8755462571130
call_1302,data,0.2488,Base,534,0xe629fa6598d732768f7c726b4b621285f9c3b853
call_1303,media,0.2445,Solana,2034,0xc6f3ac57944a531490cd39902d0f777715fd005e
call_1304,reasoning,0.2781,Base,720,0x71ee45a3c0db9a9865f7313dd3372cf60dca6479
call_1305,reasoning,0.2438,Base,864,0x35135aaa6cc23891b40cb3f378c53a17a1127210
call_1306,media,0.2212,Solana,1846,0xf5ca38f748a1d6eaf726b8a42fb575c3c71f1864
call_1307,reasoning,0.2406,Base,724,0x19581e27de7ced00ff1ce50b2047e7a567c76b1c
call_1308,media,0.3362,Base,1780,0x4e07408562bedb8b60ce05c1decfe3ad16b72230
call_1309,data,0.267,Base,393,0x4fc82b26aecb47d2868c4efbe3581732a3e7cbcc
call_1310,data,0.2575,Base,395,0xc6f3ac57944a531490cd39902d0f777715fd005e
call_1311,reasoning,0.2449,Base,613,0x0e17daca5f3e175f448bacace3bc0da47d0655a7
call_1312,reasoning,0.2402,Solana,775,0x9f14025af0065b30e47e23ebb3b491d39ae8ed17
call_1313,search,0.2457,Solana,532,0xc2356069e9d1e79ca924378153cfbbfb4d4416b1
call_1314,trading,0.2507,Base,288,0x1a6562590ef19d1045d06c4055742d38288e9e6d
call_1315,reasoning,0.243,Solana,838,0x3fdba35f04dc8c462986c992bcf8755462571130
call_1316,data,0.2712,Base,513,0x73475cb40a568e8da8a045ced110137e159f890a
call_1317,data,0.2722,Base,489,0xb7a56873cd771f2c446d369b649430b65a756ba2
call_1318,trading,0.2696,Base,321,0x9f14025af0065b30e47e23ebb3b491d39ae8ed17
call_1319,media,0.316,Solana,1985,0x5f9c4ab08cac7457e9111a30e4664920607ea2c1
call_1320,reasoning,0.2383,Base,897,0x535fa30d7e25dd8a49f1536779734ec8286108d1
call_1321,data,0.2437,Solana,506,0xef2d127de37b942baad06145e54b0c619a1f2232
call_1322,search,0.3085,Solana,626,0x44cb730c420480a0477b505ae68af508fb90f96c
call_1323,reasoning,0.2778,Solana,779,0x5f9c4ab08cac7457e9111a30e4664920607ea2c1
call_1324,infrastructure,0.2928,Base,323,0xaea92132c4cbeb263e6ac2bf6c183b5d81737f17
call_1325,social,0.265,Base,634,0x7a61b53701befdae0eeeffaecc73f14e20b537bb
call_1326,infrastructure,0.2532,Base,377,0xe7f6c011776e8db7cd330b54174fd76f7d0216b6
call_1327,reasoning,0.2437,Solana,982,0xc2356069e9d1e79ca924378153cfbbfb4d4416b1
call_1328,reasoning,0.2918,Base,892,0x25fc0e7096fc653718202dc30b0c580b8ab87eac
call_1329,reasoning,0.2418,Base,820,0x35135aaa6cc23891b40cb3f378c53a17a1127210
call_1330,reasoning,0.2513,Solana,736,0xef2d127de37b942baad06145e54b0c619a1f2232
call_1331,social,0.292,Base,526,0x31489056e0916d59fe3add79e63f095af3ffb816
call_1332,media,0.281,Solana,1666,0x7902699be42c8a8e46fbbb4501726517e86b22c5
call_1333,data,0.2435,Base,404,0x98010bd9270f9b100b6214a21754fd33bdc8d41b
call_1334,data,0.2223,Base,357,0x71ee45a3c0db9a9865f7313dd3372cf60dca6479
call_1335,infrastructure,0.2771,Base,347,0xe7f6c011776e8db7cd330b54174fd76f7d0216b6
call_1336,data,0.2496,Base,317,0x3d914f9348c9cc0ff8a79716700b9fcd4d2f3e71
call_1337,social,0.2645,Solana,529,0x86e50149658661312a9e0b35558d84f6c6d3da79
call_1338,reasoning,0.2666,Base,506,0xef2d127de37b942baad06145e54b0c619a1f2232
call_1339,data,0.2686,Base,362,0x4e07408562bedb8b60ce05c1decfe3ad16b72230
call_1340,media,0.2943,Solana,1143,0xeb1e33e8a81b697b75855af6bfcdbcbf7cbbde9f
call_1341,media,0.2745,Base,1394,0x59e19706d51d39f66711c2653cd7eb1291c94d9b
call_1342,social,0.2269,Solana,397,0x44cb730c420480a0477b505ae68af508fb90f96c
call_1343,reasoning,0.2977,Base,986,0x5f9c4ab08cac7457e9111a30e4664920607ea2c1
call_1344,reasoning,0.2882,Solana,892,0xf5ca38f748a1d6eaf726b8a42fb575c3c71f1864
call_1345,data,0.2489,Base,504,0x6b51d431df5d7f141cbececcf79edf3dd861c3b4
call_1346,data,0.2378,Base,328,0x4e07408562bedb8b60ce05c1decfe3ad16b72230
call_1347,reasoning,0.2448,Base,924,0xe7f6c011776e8db7cd330b54174fd76f7d0216b6
call_1348,media,0.2531,Base,1700,0xe629fa6598d732768f7c726b4b621285f9c3b853
call_1349,reasoning,0.2731,Base,869,0x19581e27de7ced00ff1ce50b2047e7a567c76b1c
call_1350,reasoning,0.2556,Solana,1033,0x535fa30d7e25dd8a49f1536779734ec8286108d1
call_1351,media,0.2779,Base,1635,0x7a61b53701befdae0eeeffaecc73f14e20b537bb
call_1352,search,0.2553,Base,514,0x25fc0e7096fc653718202dc30b0c580b8ab87eac
call_1353,reasoning,0.2603,Base,643,0x5f9c4ab08cac7457e9111a30e4664920607ea2c1
call_1354,reasoning,0.2283,Solana,722,0x4e07408562bedb8b60ce05c1decfe3ad16b72230
call_1355,data,0.2734,Solana,409,0xe29c9c180c6279b0b02abd6a1801c7c04082cf48
call_1356,data,0.2213,Solana,459,0xeb1e33e8a81b697b75855af6bfcdbcbf7cbbde9f
call_1357,data,0.252,Base,378,0x6b51d431df5d7f141cbececcf79edf3dd861c3b4
call_1358,search,0.2853,Base,746,0x1a6562590ef19d1045d06c4055742d38288e9e6d
call_1359,reasoning,0.2341,Solana,803,0x9f14025af0065b30e47e23ebb3b491d39ae8ed17
call_1360,search,0.2997,Solana,604,0x4a44dc15364204a80fe80e9039455cc160828182
call_1361,media,0.2972,Base,1633,0x670671cd97404156226e507973f2ab8330d3022c
call_1362,reasoning,0.246,Base,752,0xb7a56873cd771f2c446d369b649430b65a756ba2
call_1363,data,0.2938,Solana,413,0xb17ef6d19c7a5b1ee83b907c595526dcb1eb06db
call_1364,reasoning,0.2366,Base,713,0x59e19706d51d39f66711c2653cd7eb1291c94d9b
call_1365,reasoning,0.237,Base,735,0xb7a56873cd771f2c446d369b649430b65a756ba2
call_1366,data,0.261,Base,526,0xaea92132c4cbeb263e6ac2bf6c183b5d81737f17
call_1367,data,0.2658,Base,345,0x6f4b6612125fb3a0daecd2799dfd6c9c299424fd
call_1368,reasoning,0.2699,Solana,874,0x535fa30d7e25dd8a49f1536779734ec8286108d1
call_1369,reasoning,0.3014,Base,732,0xc2356069e9d1e79ca924378153cfbbfb4d4416b1
call_1370,infrastructure,0.1961,Base,356,0x785f3ec7eb32f30b90cd0fcf3657d388b5ff4297
call_1371,data,0.2198,Solana,470,0xef2d127de37b942baad06145e54b0c619a1f2232
call_1372,media,0.2777,Base,1288,0x73475cb40a568e8da8a045ced110137e159f890a
call_1373,search,0.253,Solana,706,0xe29c9c180c6279b0b02abd6a1801c7c04082cf48
call_1374,media,0.2685,Base,1559,0x0e17daca5f3e175f448bacace3bc0da47d0655a7
call_1375,data,0.2883,Solana,439,0x1a6562590ef19d1045d06c4055742d38288e9e6d
call_1376,reasoning,0.2826,Solana,753,0xc6f3ac57944a531490cd39902d0f777715fd005e
call_1377,reasoning,0.2536,Base,755,0x9400f1b21cb527d7fa3d3eabba93557a18ebe7a2
call_1378,reasoning,0.2218,Base,782,0x73475cb40a568e8da8a045ced110137e159f890a
call_1379,data,0.272,Base,481,0x4b227777d4dd1fc61c6f884f48641d02b4d121d3
call_1380,search,0.2619,Solana,656,0xd4735e3a265e16eee03f59718b9b5d03019c07d8
call_1381,reasoning,0.2447,Base,822,0xc2356069e9d1e79ca924378153cfbbfb4d4416b1
call_1382,social,0.2636,Solana,508,0xef2d127de37b942baad06145e54b0c619a1f2232
call_1383,data,0.247,Solana,514,0x44cb730c420480a0477b505ae68af508fb90f96c
call_1384,trading,0.2784,Solana,328,0x25fc0e7096fc653718202dc30b0c580b8ab87eac
call_1385,media,0.2463,Base,1073,0x31489056e0916d59fe3add79e63f095af3ffb816
call_1386,data,0.2359,Base,367,0xb7a56873cd771f2c446d369b649430b65a756ba2
call_1387,media,0.3317,Solana,2236,0x44cb730c420480a0477b505ae68af508fb90f96c
call_1388,social,0.2716,Solana,532,0x2c624232cdd221771294dfbb310aca000a0df6ac
call_1389,data,0.2395,Base,524,0xc6f3ac57944a531490cd39902d0f777715fd005e
call_1390,reasoning,0.2483,Base,1089,0xeb1e33e8a81b697b75855af6bfcdbcbf7cbbde9f
call_1391,media,0.259,Solana,1313,0x8527a891e224136950ff32ca212b45bc93f69fbb
call_1392,reasoning,0.2585,Solana,747,0x6f4b6612125fb3a0daecd2799dfd6c9c299424fd
call_1393,data,0.2261,Base,422,0x35135aaa6cc23891b40cb3f378c53a17a1127210
call_1394,reasoning,0.2752,Solana,665,0x4523540f1504cd17100c4835e85b7eefd4991158
call_1395,social,0.2949,Solana,491,0x0e17daca5f3e175f448bacace3bc0da47d0655a7
call_1396,search,0.2338,Solana,566,0x98010bd9270f9b100b6214a21754fd33bdc8d41b
call_1397,data,0.2622,Solana,371,0x73475cb40a568e8da8a045ced110137e159f890a
call_1398,data,0.2532,Base,407,0xc2356069e9d1e79ca924378153cfbbfb4d4416b1
call_1399,social,0.2851,Base,448,0xf5ca38f748a1d6eaf726b8a42fb575c3c71f1864
call_1400,search,0.2366,Solana,550,0x59e19706d51d39f66711c2653cd7eb1291c94d9b
call_1401,search,0.2458,Base,682,0x86e50149658661312a9e0b35558d84f6c6d3da79
call_1402,reasoning,0.2726,Solana,756,0x71ee45a3c0db9a9865f7313dd3372cf60dca6479
call_1403,media,0.2707,Solana,1862,0x5f9c4ab08cac7457e9111a30e4664920607ea2c1
call_1404,reasoning,0.2723,Base,760,0x8527a891e224136950ff32ca212b45bc93f69fbb
call_1405,media,0.3003,Solana,1622,0x4b227777d4dd1fc61c6f884f48641d02b4d121d3
call_1406,search,0.2352,Solana,484,0xaea92132c4cbeb263e6ac2bf6c183b5d81737f17
call_1407,reasoning,0.2784,Solana,836,0x2c624232cdd221771294dfbb310aca000a0df6ac
call_1408,search,0.2752,Solana,528,0x4a44dc15364204a80fe80e9039455cc160828182
call_1409,reasoning,0.256,Base,807,0xb7a56873cd771f2c446d369b649430b65a756ba2
call_1410,data,0.2548,Base,480,0x98010bd9270f9b100b6214a21754fd33bdc8d41b
call_1411,social,0.2043,Solana,431,0x9f14025af0065b30e47e23ebb3b491d39ae8ed17
call_1412,search,0.2218,Base,614,0x86e50149658661312a9e0b35558d84f6c6d3da79
call_1413,data,0.2749,Base,414,0x624b60c58c9d8bfb6ff1886c2fd605d2adeb6ea4
call_1414,reasoning,0.2634,Base,1212,0x535fa30d7e25dd8a49f1536779734ec8286108d1
call_1415,data,0.2664,Solana,526,0xaea92132c4cbeb263e6ac2bf6c183b5d81737f17
call_1416,infrastructure,0.3346,Base,368,0xb7a56873cd771f2c446d369b649430b65a756ba2
call_1417,reasoning,0.218,Solana,987,0x9400f1b21cb527d7fa3d3eabba93557a18ebe7a2
call_1418,reasoning,0.2363,Base,1018,0x0b918943df0962bc7a1824c0555a389347b4febd
call_1419,media,0.2299,Solana,1125,0x3d914f9348c9cc0ff8a79716700b9fcd4d2f3e71
call_1420,search,0.2243,Solana,759,0x5f9c4ab08cac7457e9111a30e4664920607ea2c1
call_1421,reasoning,0.223,Base,958,0x71ee45a3c0db9a9865f7313dd3372cf60dca6479
call_1422,infrastructure,0.2089,Solana,324,0x7a61b53701befdae0eeeffaecc73f14e20b537bb
call_1423,trading,0.3015,Base,338,0x25fc0e7096fc653718202dc30b0c580b8ab87eac
call_1424,data,0.2887,Solana,546,0xd59eced1ded07f84c145592f65bdf854358e009c
call_1425,data,0.2298,Solana,483,0x7a61b53701befdae0eeeffaecc73f14e20b537bb
call_1426,reasoning,0.2374,Solana,873,0x811786ad1ae74adfdd20dd0372abaaebc6246e34
call_1427,reasoning,0.2391,Base,961,0x4523540f1504cd17100c4835e85b7eefd4991158
call_1428,reasoning,0.2438,Base,625,0x44cb730c420480a0477b505ae68af508fb90f96c
call_1429,media,0.2833,Solana,1268,0x670671cd97404156226e507973f2ab8330d3022c
call_1430,search,0.2164,Base,669,0x71ee45a3c0db9a9865f7313dd3372cf60dca6479
call_1431,media,0.3116,Base,1749,0xd59eced1ded07f84c145592f65bdf854358e009c
call_1432,search,0.2507,Solana,532,0x19581e27de7ced00ff1ce50b2047e7a567c76b1c
call_1433,media,0.3245,Solana,1597,0x3fdba35f04dc8c462986c992bcf8755462571130
call_1434,reasoning,0.229,Solana,969,0x535fa30d7e25dd8a49f1536779734ec8286108d1
call_1435,reasoning,0.2435,Base,844,0xe629fa6598d732768f7c726b4b621285f9c3b853
call_1436,trading,0.2418,Base,252,0x8527a891e224136950ff32ca212b45bc93f69fbb
call_1437,reasoning,0.303,Solana,785,0x31489056e0916d59fe3add79e63f095af3ffb816
call_1438,social,0.1832,Solana,564,0xaea92132c4cbeb263e6ac2bf6c183b5d81737f17
call_1439,reasoning,0.2402,Solana,732,0x4e07408562bedb8b60ce05c1decfe3ad16b72230
call_1440,reasoning,0.3019,Solana,1018,0x7a61b53701befdae0eeeffaecc73f14e20b537bb
call_1441,reasoning,0.2605,Solana,831,0x9f14025af0065b30e47e23ebb3b491d39ae8ed17
call_1442,social,0.3013,Base,489,0x2c624232cdd221771294dfbb310aca000a0df6ac
call_1443,reasoning,0.2243,Solana,926,0x76a50887d8f1c2e9301755428990ad81479ee21c
call_1444,data,0.2196,Solana,408,0x35135aaa6cc23891b40cb3f378c53a17a1127210
call_1445,data,0.2445,Base,346,0x6b51d431df5d7f141cbececcf79edf3dd861c3b4
call_1446,data,0.2516,Solana,354,0xe29c9c180c6279b0b02abd6a1801c7c04082cf48
call_1447,social,0.2075,Base,618,0x4ec9599fc203d176a301536c2e091a19bc852759
call_1448,reasoning,0.2491,Solana,916,0xc2356069e9d1e79ca924378153cfbbfb4d4416b1
call_1449,data,0.2489,Base,516,0xb17ef6d19c7a5b1ee83b907c595526dcb1eb06db
call_1450,trading,0.2175,Base,339,0x3d914f9348c9cc0ff8a79716700b9fcd4d2f3e71
call_1451,reasoning,0.2549,Base,815,0x1a6562590ef19d1045d06c4055742d38288e9e6d
call_1452,reasoning,0.2725,Solana,971,0x8527a891e224136950ff32ca212b45bc93f69fbb
call_1453,reasoning,0.2652,Solana,860,0x6f4b6612125fb3a0daecd2799dfd6c9c299424fd
call_1454,data,0.2879,Base,525,0x3fdba35f04dc8c462986c992bcf8755462571130
call_1455,data,0.2822,Base,472,0x624b60c58c9d8bfb6ff1886c2fd605d2adeb6ea4
call_1456,reasoning,0.2495,Base,760,0x3d914f9348c9cc0ff8a79716700b9fcd4d2f3e71
call_1457,infrastructure,0.2491,Base,380,0x9400f1b21cb527d7fa3d3eabba93557a18ebe7a2
call_1458,media,0.2965,Solana,1671,0x9f14025af0065b30e47e23ebb3b491d39ae8ed17
call_1459,search,0.2441,Solana,856,0x4523540f1504cd17100c4835e85b7eefd4991158
call_1460,data,0.2536,Base,354,0xd59eced1ded07f84c145592f65bdf854358e009c
call_1461,data,0.249,Base,283,0xe629fa6598d732768f7c726b4b621285f9c3b853
call_1462,infrastructure,0.2408,Solana,324,0xd4735e3a265e16eee03f59718b9b5d03019c07d8
call_1463,media,0.2504,Base,1630,0x7902699be42c8a8e46fbbb4501726517e86b22c5
call_1464,infrastructure,0.2893,Base,321,0x624b60c58c9d8bfb6ff1886c2fd605d2adeb6ea4
call_1465,social,0.2438,Base,352,0x76a50887d8f1c2e9301755428990ad81479ee21c
call_1466,search,0.3024,Solana,728,0x76a50887d8f1c2e9301755428990ad81479ee21c
call_1467,data,0.2667,Base,430,0xc6f3ac57944a531490cd39902d0f777715fd005e
call_1468,reasoning,0.2338,Base,887,0x9f14025af0065b30e47e23ebb3b491d39ae8ed17
call_1469,data,0.2591,Solana,411,0xd4735e3a265e16eee03f59718b9b5d03019c07d8
call_1470,reasoning,0.2279,Solana,889,0x73475cb40a568e8da8a045ced110137e159f890a
call_1471,data,0.2666,Base,489,0x4a44dc15364204a80fe80e9039455cc160828182
call_1472,search,0.2657,Base,645,0x811786ad1ae74adfdd20dd0372abaaebc6246e34
call_1473,reasoning,0.2427,Base,803,0xe629fa6598d732768f7c726b4b621285f9c3b853
call_1474,trading,0.3336,Solana,243,0xe29c9c180c6279b0b02abd6a1801c7c04082cf48
call_1475,reasoning,0.242,Base,652,0x2c624232cdd221771294dfbb310aca000a0df6ac
call_1476,social,0.2261,Solana,506,0x2c624232cdd221771294dfbb310aca000a0df6ac
call_1477,social,0.15,Solana,433,0x9400f1b21cb527d7fa3d3eabba93557a18ebe7a2
call_1478,data,0.2472,Base,377,0x535fa30d7e25dd8a49f1536779734ec8286108d1
call_1479,data,0.2448,Base,390,0x2c624232cdd221771294dfbb310aca000a0df6ac
call_1480,media,0.2862,Solana,1523,0xaea92132c4cbeb263e6ac2bf6c183b5d81737f17
call_1481,search,0.2728,Base,513,0x25fc0e7096fc653718202dc30b0c580b8ab87eac
call_1482,search,0.2751,Base,751,0x624b60c58c9d8bfb6ff1886c2fd605d2adeb6ea4
call_1483,reasoning,0.2481,Base,910,0x9400f1b21cb527d7fa3d3eabba93557a18ebe7a2
call_1484,data,0.2071,Base,390,0xeb1e33e8a81b697b75855af6bfcdbcbf7cbbde9f
call_1485,reasoning,0.2465,Base,796,0x44cb730c420480a0477b505ae68af508fb90f96c
call_1486,search,0.2411,Base,646,0xef2d127de37b942baad06145e54b0c619a1f2232
call_1487,reasoning,0.2804,Solana,766,0xc6f3ac57944a531490cd39902d0f777715fd005e
call_1488,media,0.2347,Solana,2004,0xb17ef6d19c7a5b1ee83b907c595526dcb1eb06db
call_1489,data,0.2641,Base,434,0x25fc0e7096fc653718202dc30b0c580b8ab87eac
call_1490,data,0.2487,Solana,460,0x0e17daca5f3e175f448bacace3bc0da47d0655a7
call_1491,data,0.2262,Base,416,0x624b60c58c9d8bfb6ff1886c2fd605d2adeb6ea4
call_1492,reasoning,0.252,Base,836,0xeb1e33e8a81b697b75855af6bfcdbcbf7cbbde9f
call_1493,search,0.2361,Base,506,0xd59eced1ded07f84c145592f65bdf854358e009c
call_1494,search,0.2202,Solana,599,0x4523540f1504cd17100c4835e85b7eefd4991158
call_1495,search,0.225,Base,547,0xb7a56873cd771f2c446d369b649430b65a756ba2
call_1496,media,0.2232,Solana,1671,0x6f4b6612125fb3a0daecd2799dfd6c9c299424fd
call_1497,search,0.2456,Base,681,0x44cb730c420480a0477b505ae68af508fb90f96c
call_1498,reasoning,0.2358,Base,714,0xd59eced1ded07f84c145592f65bdf854358e009c
call_1499,data,0.2327,Base,426,0x7902699be42c8a8e46fbbb4501726517e86b22c5
call_1500,trading,0.262,Base,256,0x7902699be42c8a8e46fbbb4501726517e86b22c5
call_1501,reasoning,0.2844,Base,791,0xc6f3ac57944a531490cd39902d0f777715fd005e
call_1502,media,0.3388,Solana,2334,0x71ee45a3c0db9a9865f7313dd3372cf60dca6479
call_1503,reasoning,0.232,Base,808,0x8527a891e224136950ff32ca212b45bc93f69fbb
call_1504,media,0.2381,Solana,1601,0x4e07408562bedb8b60ce05c1decfe3ad16b72230
call_1505,trading,0.2174,Solana,369,0xd59eced1ded07f84c145592f65bdf854358e009c
call_1506,reasoning,0.2401,Solana,905,0x4b227777d4dd1fc61c6f884f48641d02b4d121d3
call_1507,trading,0.2223,Base,234,0x4523540f1504cd17100c4835e85b7eefd4991158
call_1508,data,0.268,Base,349,0x7902699be42c8a8e46fbbb4501726517e86b22c5
call_1509,reasoning,0.2438,Base,892,0xef2d127de37b942baad06145e54b0c619a1f2232
call_1510,data,0.2261,Base,401,0x4523540f1504cd17100c4835e85b7eefd4991158
call_1511,media,0.3032,Solana,1430,0xb17ef6d19c7a5b1ee83b907c595526dcb1eb06db
call_1512,data,0.2276,Base,419,0x785f3ec7eb32f30b90cd0fcf3657d388b5ff4297
call_1513,data,0.2676,Base,517,0x71ee45a3c0db9a9865f7313dd3372cf60dca6479
call_1514,data,0.2328,Solana,355,0xc6f3ac57944a531490cd39902d0f777715fd005e
call_1515,data,0.2555,Solana,295,0x8527a891e224136950ff32ca212b45bc93f69fbb
call_1516,data,0.2371,Base,329,0xe29c9c180c6279b0b02abd6a1801c7c04082cf48
call_1517,reasoning,0.2778,Solana,814,0x670671cd97404156226e507973f2ab8330d3022c
call_1518,data,0.2478,Base,398,0x98010bd9270f9b100b6214a21754fd33bdc8d41b
call_1519,data,0.2649,Solana,536,0x3d914f9348c9cc0ff8a79716700b9fcd4d2f3e71
call_1520,data,0.2199,Solana,515,0x1a6562590ef19d1045d06c4055742d38288e9e6d
call_1521,search,0.2547,Base,641,0x76a50887d8f1c2e9301755428990ad81479ee21c
call_1522,search,0.2297,Solana,676,0x624b60c58c9d8bfb6ff1886c2fd605d2adeb6ea4
call_1523,data,0.2632,Solana,415,0xe7f6c011776e8db7cd330b54174fd76f7d0216b6
call_1524,trading,0.3459,Solana,351,0xb17ef6d19c7a5b1ee83b907c595526dcb1eb06db
call_1525,media,0.2595,Solana,2037,0x811786ad1ae74adfdd20dd0372abaaebc6246e34
call_1526,reasoning,0.2488,Solana,1052,0x35135aaa6cc23891b40cb3f378c53a17a1127210
call_1527,data,0.2956,Solana,421,0x44cb730c420480a0477b505ae68af508fb90f96c
call_1528,search,0.2184,Solana,600,0x7a61b53701befdae0eeeffaecc73f14e20b537bb
call_1529,trading,0.3239,Solana,288,0xd4735e3a265e16eee03f59718b9b5d03019c07d8
call_1530,reasoning,0.2224,Solana,628,0xc2356069e9d1e79ca924378153cfbbfb4d4416b1
call_1531,data,0.2363,Base,468,0x86e50149658661312a9e0b35558d84f6c6d3da79
call_1532,media,0.2723,Solana,2187,0xef2d127de37b942baad06145e54b0c619a1f2232
call_1533,search,0.1962,Solana,754,0xe629fa6598d732768f7c726b4b621285f9c3b853
call_1534,reasoning,0.2653,Solana,920,0x35135aaa6cc23891b40cb3f378c53a17a1127210
call_1535,search,0.2187,Base,683,0xf5ca38f748a1d6eaf726b8a42fb575c3c71f1864
call_1536,reasoning,0.2512,Base,711,0x0b918943df0962bc7a1824c0555a389347b4febd
call_1537,reasoning,0.2365,Base,833,0x0b918943df0962bc7a1824c0555a389347b4febd
call_1538,data,0.2279,Solana,572,0x25fc0e7096fc653718202dc30b0c580b8ab87eac
call_1539,data,0.2758,Solana,291,0xef2d127de37b942baad06145e54b0c619a1f2232
call_1540,media,0.2617,Base,1707,0x25fc0e7096fc653718202dc30b0c580b8ab87eac
call_1541,search,0.2512,Solana,611,0x670671cd97404156226e507973f2ab8330d3022c
call_1542,trading,0.2761,Base,360,0x4b227777d4dd1fc61c6f884f48641d02b4d121d3
call_1543,trading,0.2777,Base,276,0xd4735e3a265e16eee03f59718b9b5d03019c07d8
call_1544,trading,0.1636,Base,340,0x59e19706d51d39f66711c2653cd7eb1291c94d9b
call_1545,reasoning,0.2424,Base,1066,0x86e50149658661312a9e0b35558d84f6c6d3da79
call_1546,social,0.2404,Base,429,0xeb1e33e8a81b697b75855af6bfcdbcbf7cbbde9f
call_1547,reasoning,0.262,Base,838,0x3d914f9348c9cc0ff8a79716700b9fcd4d2f3e71
call_1548,social,0.2307,Base,548,0x7a61b53701befdae0eeeffaecc73f14e20b537bb
call_1549,reasoning,0.2663,Solana,666,0x2c624232cdd221771294dfbb310aca000a0df6ac
call_1550,data,0.2456,Solana,411,0xf5ca38f748a1d6eaf726b8a42fb575c3c71f1864
call_1551,reasoning,0.2281,Base,781,0x4b227777d4dd1fc61c6f884f48641d02b4d121d3
call_1552,social,0.2326,Base,573,0xf5ca38f748a1d6eaf726b8a42fb575c3c71f1864
call_1553,reasoning,0.2541,Base,824,0xf5ca38f748a1d6eaf726b8a42fb575c3c71f1864
call_1554,search,0.2106,Base,574,0x9400f1b21cb527d7fa3d3eabba93557a18ebe7a2
call_1555,search,0.2374,Base,529,0xf5ca38f748a1d6eaf726b8a42fb575c3c71f1864
call_1556,search,0.2111,Solana,471,0x670671cd97404156226e507973f2ab8330d3022c
call_1557,reasoning,0.2317,Solana,895,0xf5ca38f748a1d6eaf726b8a42fb575c3c71f1864
call_1558,reasoning,0.251,Solana,846,0xd59eced1ded07f84c145592f65bdf854358e009c
call_1559,reasoning,0.2352,Base,922,0x76a50887d8f1c2e9301755428990ad81479ee21c
call_1560,social,0.2324,Base,476,0x35135aaa6cc23891b40cb3f378c53a17a1127210
call_1561,data,0.2809,Base,327,0x73475cb40a568e8da8a045ced110137e159f890a
call_1562,reasoning,0.2255,Base,678,0x4523540f1504cd17100c4835e85b7eefd4991158
call_1563,reasoning,0.2551,Base,671,0x785f3ec7eb32f30b90cd0fcf3657d388b5ff4297
call_1564,infrastructure,0.3018,Solana,320,0x2c624232cdd221771294dfbb310aca000a0df6ac
call_1565,search,0.2346,Solana,601,0x811786ad1ae74adfdd20dd0372abaaebc6246e34
call_1566,media,0.2826,Solana,1688,0x6b51d431df5d7f141cbececcf79edf3dd861c3b4
call_1567,social,0.2643,Base,620,0x3d914f9348c9cc0ff8a79716700b9fcd4d2f3e71
call_1568,social,0.2704,Solana,566,0x535fa30d7e25dd8a49f1536779734ec8286108d1
call_1569,reasoning,0.2416,Solana,914,0x35135aaa6cc23891b40cb3f378c53a17a1127210
call_1570,reasoning,0.2931,Base,813,0x7902699be42c8a8e46fbbb4501726517e86b22c5
call_1571,search,0.2484,Solana,747,0x35135aaa6cc23891b40cb3f378c53a17a1127210
call_1572,data,0.2546,Solana,512,0x7a61b53701befdae0eeeffaecc73f14e20b537bb
call_1573,data,0.2818,Solana,298,0x25fc0e7096fc653718202dc30b0c580b8ab87eac
call_1574,search,0.1957,Base,762,0x3d914f9348c9cc0ff8a79716700b9fcd4d2f3e71
call_1575,reasoning,0.2194,Solana,709,0x785f3ec7eb32f30b90cd0fcf3657d388b5ff4297
call_1576,infrastructure,0.2408,Base,285,0xd59eced1ded07f84c145592f65bdf854358e009c
call_1577,data,0.2439,Solana,422,0x19581e27de7ced00ff1ce50b2047e7a567c76b1c
call_1578,media,0.2335,Base,1671,0x7a61b53701befdae0eeeffaecc73f14e20b537bb
call_1579,trading,0.2462,Base,261,0x44cb730c420480a0477b505ae68af508fb90f96c
call_1580,media,0.2138,Base,1207,0x785f3ec7eb32f30b90cd0fcf3657d388b5ff4297
call_1581,reasoning,0.2136,Solana,767,0x4ec9599fc203d176a301536c2e091a19bc852759
call_1582,reasoning,0.2335,Solana,1017,0x670671cd97404156226e507973f2ab8330d3022c
call_1583,infrastructure,0.2627,Solana,345,0xd59eced1ded07f84c145592f65bdf854358e009c
call_1584,data,0.217,Solana,422,0x9f14025af0065b30e47e23ebb3b491d39ae8ed17
call_1585,media,0.2769,Base,1576,0x811786ad1ae74adfdd20dd0372abaaebc6246e34
call_1586,media,0.2727,Solana,1536,0x19581e27de7ced00ff1ce50b2047e7a567c76b1c
call_1587,media,0.2895,Solana,1420,0x811786ad1ae74adfdd20dd0372abaaebc6246e34
call_1588,reasoning,0.2788,Base,581,0x76a50887d8f1c2e9301755428990ad81479ee21c
call_1589,data,0.2531,Base,457,0x7a61b53701befdae0eeeffaecc73f14e20b537bb
call_1590,reasoning,0.263,Base,1051,0xd4735e3a265e16eee03f59718b9b5d03019c07d8
call_1591,reasoning,0.2725,Solana,623,0x624b60c58c9d8bfb6ff1886c2fd605d2adeb6ea4
call_1592,data,0.2506,Solana,488,0xd59eced1ded07f84c145592f65bdf854358e009c
call_1593,media,0.2611,Solana,2092,0xd4735e3a265e16eee03f59718b9b5d03019c07d8
call_1594,trading,0.2767,Solana,306,0xc2356069e9d1e79ca924378153cfbbfb4d4416b1
call_1595,media,0.2572,Solana,1663,0x4ec9599fc203d176a301536c2e091a19bc852759
call_1596,data,0.2427,Solana,360,0xeb1e33e8a81b697b75855af6bfcdbcbf7cbbde9f
call_1597,search,0.2691,Solana,597,0x31489056e0916d59fe3add79e63f095af3ffb816
call_1598,reasoning,0.2327,Base,763,0x59e19706d51d39f66711c2653cd7eb1291c94d9b
call_1599,media,0.2334,Solana,1178,0x624b60c58c9d8bfb6ff1886c2fd605d2adeb6ea4
call_1600,reasoning,0.281,Solana,682,0x25fc0e7096fc653718202dc30b0c580b8ab87eac
call_1601,data,0.2584,Solana,500,0x19581e27de7ced00ff1ce50b2047e7a567c76b1c
call_1602,reasoning,0.2453,Solana,823,0x76a50887d8f1c2e9301755428990ad81479ee21c
call_1603,infrastructure,0.2769,Solana,365,0x71ee45a3c0db9a9865f7313dd3372cf60dca6479
call_1604,data,0.2541,Base,322,0x4a44dc15364204a80fe80e9039455cc160828182
call_1605,media,0.2299,Base,1549,0xeb1e33e8a81b697b75855af6bfcdbcbf7cbbde9f
call_1606,media,0.2124,Solana,1748,0x25fc0e7096fc653718202dc30b0c580b8ab87eac
call_1607,data,0.2414,Base,367,0x3d914f9348c9cc0ff8a79716700b9fcd4d2f3e71
call_1608,reasoning,0.2537,Base,817,0xd59eced1ded07f84c145592f65bdf854358e009c
call_1609,data,0.3052,Base,369,0x73475cb40a568e8da8a045ced110137e159f890a
call_1610,trading,0.2276,Base,323,0x71ee45a3c0db9a9865f7313dd3372cf60dca6479
call_1611,reasoning,0.2447,Solana,787,0x59e19706d51d39f66711c2653cd7eb1291c94d9b
call_1612,trading,0.2965,Base,272,0x4ec9599fc203d176a301536c2e091a19bc852759
call_1613,reasoning,0.2534,Solana,1056,0x35135aaa6cc23891b40cb3f378c53a17a1127210
call_1614,infrastructure,0.264,Base,283,0xf5ca38f748a1d6eaf726b8a42fb575c3c71f1864
call_1615,infrastructure,0.2479,Solana,355,0x6b51d431df5d7f141cbececcf79edf3dd861c3b4
call_1616,reasoning,0.2542,Base,675,0x4e07408562bedb8b60ce05c1decfe3ad16b72230
call_1617,reasoning,0.248,Base,798,0x35135aaa6cc23891b40cb3f378c53a17a1127210
call_1618,media,0.2856,Solana,1619,0x98010bd9270f9b100b6214a21754fd33bdc8d41b
call_1619,reasoning,0.2452,Base,880,0x7a61b53701befdae0eeeffaecc73f14e20b537bb
call_1620,social,0.2593,Base,460,0x0b918943df0962bc7a1824c0555a389347b4febd
call_1621,reasoning,0.2357,Solana,776,0xb7a56873cd771f2c446d369b649430b65a756ba2
call_1622,social,0.2176,Solana,610,0xe629fa6598d732768f7c726b4b621285f9c3b853
call_1623,reasoning,0.2247,Base,939,0x6f4b6612125fb3a0daecd2799dfd6c9c299424fd
call_1624,data,0.2516,Base,385,0x4ec9599fc203d176a301536c2e091a19bc852759
call_1625,reasoning,0.2691,Base,756,0xc2356069e9d1e79ca924378153cfbbfb4d4416b1
call_1626,reasoning,0.2544,Base,790,0xd4735e3a265e16eee03f59718b9b5d03019c07d8
call_1627,search,0.1962,Base,574,0xc6f3ac57944a531490cd39902d0f777715fd005e
call_1628,trading,0.2847,Base,316,0xb17ef6d19c7a5b1ee83b907c595526dcb1eb06db
call_1629,data,0.246,Base,368,0xd4735e3a265e16eee03f59718b9b5d03019c07d8
call_1630,media,0.2372,Solana,1907,0x98010bd9270f9b100b6214a21754fd33bdc8d41b
call_1631,search,0.2086,Solana,545,0x9400f1b21cb527d7fa3d3eabba93557a18ebe7a2
call_1632,reasoning,0.251,Base,1060,0x73475cb40a568e8da8a045ced110137e159f890a
call_1633,reasoning,0.2264,Solana,890,0x2c624232cdd221771294dfbb310aca000a0df6ac
call_1634,reasoning,0.2172,Solana,891,0xaea92132c4cbeb263e6ac2bf6c183b5d81737f17
call_1635,infrastructure,0.2319,Solana,318,0xe29c9c180c6279b0b02abd6a1801c7c04082cf48
call_1636,reasoning,0.2423,Base,1040,0x7902699be42c8a8e46fbbb4501726517e86b22c5
call_1637,reasoning,0.224,Solana,848,0x44cb730c420480a0477b505ae68af508fb90f96c
call_1638,reasoning,0.2639,Solana,890,0x76a50887d8f1c2e9301755428990ad81479ee21c
call_1639,data,0.2367,Base,460,0xe29c9c180c6279b0b02abd6a1801c7c04082cf48
call_1640,data,0.2648,Solana,325,0xb17ef6d19c7a5b1ee83b907c595526dcb1eb06db
call_1641,search,0.2235,Solana,815,0x59e19706d51d39f66711c2653cd7eb1291c94d9b
call_1642,media,0.2368,Solana,1524,0xb7a56873cd771f2c446d369b649430b65a756ba2
call_1643,reasoning,0.211,Solana,905,0x8527a891e224136950ff32ca212b45bc93f69fbb
call_1644,reasoning,0.2763,Base,1053,0x624b60c58c9d8bfb6ff1886c2fd605d2adeb6ea4
call_1645,data,0.2585,Base,364,0x4ec9599fc203d176a301536c2e091a19bc852759
call_1646,infrastructure,0.2614,Solana,343,0x785f3ec7eb32f30b90cd0fcf3657d388b5ff4297
call_1647,reasoning,0.2361,Base,825,0xc2356069e9d1e79ca924378153cfbbfb4d4416b1
call_1648,reasoning,0.2046,Solana,752,0x19581e27de7ced00ff1ce50b2047e7a567c76b1c
call_1649,search,0.2856,Solana,611,0xc2356069e9d1e79ca924378153cfbbfb4d4416b1
call_1650,data,0.2233,Base,408,0xd4735e3a265e16eee03f59718b9b5d03019c07d8
call_1651,data,0.1937,Solana,346,0xaea92132c4cbeb263e6ac2bf6c183b5d81737f17
call_1652,media,0.3186,Base,1838,0xe29c9c180c6279b0b02abd6a1801c7c04082cf48
call_1653,media,0.3101,Solana,1668,0xc2356069e9d1e79ca924378153cfbbfb4d4416b1
call_1654,data,0.2466,Base,506,0x86e50149658661312a9e0b35558d84f6c6d3da79
call_1655,data,0.2393,Base,352,0x35135aaa6cc23891b40cb3f378c53a17a1127210
call_1656,search,0.2415,Base,662,0xd59eced1ded07f84c145592f65bdf854358e009c
call_1657,reasoning,0.2413,Base,903,0x7a61b53701befdae0eeeffaecc73f14e20b537bb
call_1658,data,0.2033,Base,423,0x0e17daca5f3e175f448bacace3bc0da47d0655a7
call_1659,infrastructure,0.2643,Solana,323,0xc2356069e9d1e79ca924378153cfbbfb4d4416b1
call_1660,reasoning,0.2398,Base,784,0x59e19706d51d39f66711c2653cd7eb1291c94d9b
call_1661,reasoning,0.252,Base,787,0xe29c9c180c6279b0b02abd6a1801c7c04082cf48
call_1662,media,0.294,Base,1819,0x6b51d431df5d7f141cbececcf79edf3dd861c3b4
call_1663,social,0.2334,Base,451,0x7902699be42c8a8e46fbbb4501726517e86b22c5
call_1664,data,0.2444,Base,415,0x7902699be42c8a8e46fbbb4501726517e86b22c5
call_1665,media,0.2548,Solana,1955,0x7902699be42c8a8e46fbbb4501726517e86b22c5
call_1666,reasoning,0.2149,Solana,829,0x98010bd9270f9b100b6214a21754fd33bdc8d41b
call_1667,infrastructure,0.2384,Base,357,0x2c624232cdd221771294dfbb310aca000a0df6ac
call_1668,social,0.2583,Solana,582,0x3fdba35f04dc8c462986c992bcf8755462571130
call_1669,data,0.2541,Solana,520,0x4523540f1504cd17100c4835e85b7eefd4991158
call_1670,data,0.244,Solana,297,0x785f3ec7eb32f30b90cd0fcf3657d388b5ff4297
call_1671,media,0.2784,Solana,1876,0x5f9c4ab08cac7457e9111a30e4664920607ea2c1
call_1672,media,0.2087,Solana,1279,0x6f4b6612125fb3a0daecd2799dfd6c9c299424fd
call_1673,media,0.2597,Solana,1296,0x7902699be42c8a8e46fbbb4501726517e86b22c5
call_1674,data,0.2544,Solana,433,0x4b227777d4dd1fc61c6f884f48641d02b4d121d3
call_1675,media,0.2584,Solana,1603,0x4ec9599fc203d176a301536c2e091a19bc852759
call_1676,media,0.3206,Base,1860,0xe629fa6598d732768f7c726b4b621285f9c3b853
call_1677,search,0.2702,Base,620,0x4ec9599fc203d176a301536c2e091a19bc852759
call_1678,infrastructure,0.2477,Solana,363,0x4e07408562bedb8b60ce05c1decfe3ad16b72230
call_1679,data,0.274,Solana,433,0x9400f1b21cb527d7fa3d3eabba93557a18ebe7a2
call_1680,reasoning,0.1916,Solana,707,0xe7f6c011776e8db7cd330b54174fd76f7d0216b6
call_1681,data,0.2428,Base,442,0xeb1e33e8a81b697b75855af6bfcdbcbf7cbbde9f
call_1682,media,0.2682,Base,1748,0x76a50887d8f1c2e9301755428990ad81479ee21c
call_1683,reasoning,0.23,Solana,854,0x0e17daca5f3e175f448bacace3bc0da47d0655a7
call_1684,reasoning,0.2537,Solana,934,0x4e07408562bedb8b60ce05c1decfe3ad16b72230
call_1685,reasoning,0.2342,Solana,764,0x25fc0e7096fc653718202dc30b0c580b8ab87eac
call_1686,infrastructure,0.2652,Solana,233,0xc6f3ac57944a531490cd39902d0f777715fd005e
call_1687,data,0.2472,Solana,427,0x3fdba35f04dc8c462986c992bcf8755462571130
call_1688,infrastructure,0.2735,Solana,383,0x19581e27de7ced00ff1ce50b2047e7a567c76b1c
call_1689,reasoning,0.2167,Solana,815,0xf5ca38f748a1d6eaf726b8a42fb575c3c71f1864
call_1690,media,0.3228,Base,1574,0x1a6562590ef19d1045d06c4055742d38288e9e6d
call_1691,social,0.1827,Base,584,0x6f4b6612125fb3a0daecd2799dfd6c9c299424fd
call_1692,reasoning,0.2348,Base,867,0x9400f1b21cb527d7fa3d3eabba93557a18ebe7a2
call_1693,reasoning,0.23,Solana,750,0x4fc82b26aecb47d2868c4efbe3581732a3e7cbcc
call_1694,media,0.2805,Solana,1694,0xe7f6c011776e8db7cd330b54174fd76f7d0216b6
call_1695,media,0.2977,Base,1601,0x86e50149658661312a9e0b35558d84f6c6d3da79
call_1696,data,0.2583,Solana,448,0xc2356069e9d1e79ca924378153cfbbfb4d4416b1
call_1697,data,0.2828,Base,390,0xd4735e3a265e16eee03f59718b9b5d03019c07d8
call_1698,social,0.2299,Base,457,0x670671cd97404156226e507973f2ab8330d3022c
call_1699,social,0.2535,Solana,546,0x98010bd9270f9b100b6214a21754fd33bdc8d41b
call_1700,reasoning,0.2451,Base,723,0xf5ca38f748a1d6eaf726b8a42fb575c3c71f1864
call_1701,media,0.2495,Base,1259,0x4b227777d4dd1fc61c6f884f48641d02b4d121d3
call_1702,data,0.2667,Base,450,0x73475cb40a568e8da8a045ced110137e159f890a
call_1703,data,0.2529,Solana,463,0xc6f3ac57944a531490cd39902d0f777715fd005e
call_1704,search,0.2829,Solana,564,0x25fc0e7096fc653718202dc30b0c580b8ab87eac
call_1705,reasoning,0.2348,Base,743,0x4a44dc15364204a80fe80e9039455cc160828182
call_1706,social,0.2192,Base,531,0x25fc0e7096fc653718202dc30b0c580b8ab87eac
call_1707,reasoning,0.185,Base,916,0x7a61b53701befdae0eeeffaecc73f14e20b537bb
call_1708,reasoning,0.2452,Base,827,0x98010bd9270f9b100b6214a21754fd33bdc8d41b
call_1709,search,0.2394,Solana,713,0x535fa30d7e25dd8a49f1536779734ec8286108d1
call_1710,reasoning,0.2779,Solana,785,0x4e07408562bedb8b60ce05c1decfe3ad16b72230
call_1711,data,0.2239,Base,548,0x670671cd97404156226e507973f2ab8330d3022c
call_1712,search,0.2282,Base,605,0x76a50887d8f1c2e9301755428990ad81479ee21c
call_1713,data,0.2262,Solana,394,0x9f14025af0065b30e47e23ebb3b491d39ae8ed17
call_1714,reasoning,0.2713,Base,839,0x59e19706d51d39f66711c2653cd7eb1291c94d9b
call_1715,data,0.2463,Base,344,0x811786ad1ae74adfdd20dd0372abaaebc6246e34
call_1716,data,0.2411,Solana,496,0x71ee45a3c0db9a9865f7313dd3372cf60dca6479
call_1717,data,0.2351,Solana,506,0x670671cd97404156226e507973f2ab8330d3022c
call_1718,data,0.2665,Base,402,0xd59eced1ded07f84c145592f65bdf854358e009c
call_1719,media,0.2409,Solana,1651,0x59e19706d51d39f66711c2653cd7eb1291c94d9b
call_1720,data,0.2433,Base,486,0xb17ef6d19c7a5b1ee83b907c595526dcb1eb06db
call_1721,media,0.2531,Base,1918,0x35135aaa6cc23891b40cb3f378c53a17a1127210
call_1722,reasoning,0.2397,Solana,868,0x1a6562590ef19d1045d06c4055742d38288e9e6d
call_1723,reasoning,0.2167,Base,741,0x6f4b6612125fb3a0daecd2799dfd6c9c299424fd
call_1724,media,0.3181,Solana,1610,0x9f14025af0065b30e47e23ebb3b491d39ae8ed17
call_1725,search,0.1972,Base,608,0x76a50887d8f1c2e9301755428990ad81479ee21c
call_1726,media,0.2312,Solana,1534,0x4b227777d4dd1fc61c6f884f48641d02b4d121d3
call_1727,reasoning,0.2303,Solana,948,0x9f14025af0065b30e47e23ebb3b491d39ae8ed17
call_1728,media,0.3076,Solana,1612,0x73475cb40a568e8da8a045ced110137e159f890a
call_1729,reasoning,0.3036,Solana,865,0xaea92132c4cbeb263e6ac2bf6c183b5d81737f17
call_1730,reasoning,0.2507,Base,686,0xeb1e33e8a81b697b75855af6bfcdbcbf7cbbde9f
call_1731,reasoning,0.2399,Base,750,0x1a6562590ef19d1045d06c4055742d38288e9e6d
call_1732,reasoning,0.2034,Base,750,0x4e07408562bedb8b60ce05c1decfe3ad16b72230
call_1733,media,0.2876,Solana,1721,0x7902699be42c8a8e46fbbb4501726517e86b22c5
call_1734,reasoning,0.2215,Base,929,0x8527a891e224136950ff32ca212b45bc93f69fbb
call_1735,data,0.2366,Solana,496,0xc2356069e9d1e79ca924378153cfbbfb4d4416b1
call_1736,data,0.2451,Base,262,0xc6f3ac57944a531490cd39902d0f777715fd005e
call_1737,data,0.241,Base,534,0x0b918943df0962bc7a1824c0555a389347b4febd
call_1738,reasoning,0.2359,Solana,963,0x98010bd9270f9b100b6214a21754fd33bdc8d41b
call_1739,media,0.2447,Solana,1326,0x98010bd9270f9b100b6214a21754fd33bdc8d41b
call_1740,data,0.2193,Base,335,0x73475cb40a568e8da8a045ced110137e159f890a
call_1741,data,0.2045,Solana,399,0x76a50887d8f1c2e9301755428990ad81479ee21c
call_1742,reasoning,0.2662,Solana,709,0x811786ad1ae74adfdd20dd0372abaaebc6246e34
call_1743,data,0.229,Solana,356,0x4b227777d4dd1fc61c6f884f48641d02b4d121d3
call_1744,reasoning,0.2391,Solana,836,0x4a44dc15364204a80fe80e9039455cc160828182
call_1745,reasoning,0.2642,Base,594,0x3fdba35f04dc8c462986c992bcf8755462571130
call_1746,reasoning,0.2714,Base,914,0xe29c9c180c6279b0b02abd6a1801c7c04082cf48
call_1747,media,0.2459,Solana,1702,0x7902699be42c8a8e46fbbb4501726517e86b22c5
call_1748,infrastructure,0.2518,Solana,363,0x3fdba35f04dc8c462986c992bcf8755462571130
call_1749,media,0.2022,Base,1687,0xeb1e33e8a81b697b75855af6bfcdbcbf7cbbde9f
call_1750,media,0.3196,Base,1639,0x73475cb40a568e8da8a045ced110137e159f890a
call_1751,infrastructure,0.2671,Solana,337,0x811786ad1ae74adfdd20dd0372abaaebc6246e34
call_1752,reasoning,0.2765,Solana,828,0x76a50887d8f1c2e9301755428990ad81479ee21c
call_1753,reasoning,0.223,Base,832,0xb7a56873cd771f2c446d369b649430b65a756ba2
call_1754,reasoning,0.2454,Solana,811,0x670671cd97404156226e507973f2ab8330d3022c
call_1755,infrastructure,0.2536,Base,366,0x2c624232cdd221771294dfbb310aca000a0df6ac
call_1756,infrastructure,0.2151,Base,332,0x811786ad1ae74adfdd20dd0372abaaebc6246e34
call_1757,infrastructure,0.2253,Solana,314,0x4a44dc15364204a80fe80e9039455cc160828182
call_1758,infrastructure,0.3018,Base,300,0x35135aaa6cc23891b40cb3f378c53a17a1127210
call_1759,data,0.2468,Base,330,0x86e50149658661312a9e0b35558d84f6c6d3da79
call_1760,data,0.2586,Base,427,0x98010bd9270f9b100b6214a21754fd33bdc8d41b
call_1761,search,0.2139,Solana,517,0x6f4b6612125fb3a0daecd2799dfd6c9c299424fd
call_1762,media,0.2927,Solana,1359,0x44cb730c420480a0477b505ae68af508fb90f96c
call_1763,data,0.2504,Solana,484,0x19581e27de7ced00ff1ce50b2047e7a567c76b1c
call_1764,data,0.2498,Base,463,0x76a50887d8f1c2e9301755428990ad81479ee21c
call_1765,infrastructure,0.2475,Base,433,0x76a50887d8f1c2e9301755428990ad81479ee21c
call_1766,search,0.2734,Solana,497,0xf5ca38f748a1d6eaf726b8a42fb575c3c71f1864
call_1767,data,0.256,Base,405,0x76a50887d8f1c2e9301755428990ad81479ee21c
call_1768,data,0.2334,Solana,479,0x71ee45a3c0db9a9865f7313dd3372cf60dca6479
call_1769,reasoning,0.2599,Base,660,0x785f3ec7eb32f30b90cd0fcf3657d388b5ff4297
call_1770,reasoning,0.303,Solana,636,0x31489056e0916d59fe3add79e63f095af3ffb816
call_1771,media,0.276,Solana,1653,0xaea92132c4cbeb263e6ac2bf6c183b5d81737f17
call_1772,infrastructure,0.2298,Base,293,0x76a50887d8f1c2e9301755428990ad81479ee21c
call_1773,search,0.2386,Base,594,0x4a44dc15364204a80fe80e9039455cc160828182
call_1774,search,0.2698,Base,591,0x59e19706d51d39f66711c2653cd7eb1291c94d9b
call_1775,data,0.2498,Base,466,0x4a44dc15364204a80fe80e9039455cc160828182
call_1776,reasoning,0.269,Base,770,0x670671cd97404156226e507973f2ab8330d3022c
call_1777,reasoning,0.288,Solana,701,0xeb1e33e8a81b697b75855af6bfcdbcbf7cbbde9f
call_1778,media,0.2216,Base,1824,0x4fc82b26aecb47d2868c4efbe3581732a3e7cbcc
call_1779,search,0.2292,Base,553,0x6b51d431df5d7f141cbececcf79edf3dd861c3b4
call_1780,data,0.2675,Solana,405,0xe7f6c011776e8db7cd330b54174fd76f7d0216b6
call_1781,reasoning,0.2711,Solana,969,0x4ec9599fc203d176a301536c2e091a19bc852759
call_1782,infrastructure,0.2767,Solana,276,0x535fa30d7e25dd8a49f1536779734ec8286108d1
call_1783,search,0.2567,Base,585,0x98010bd9270f9b100b6214a21754fd33bdc8d41b
call_1784,media,0.2533,Base,1461,0x73475cb40a568e8da8a045ced110137e159f890a
call_1785,infrastructure,0.3258,Solana,339,0x6b51d431df5d7f141cbececcf79edf3dd861c3b4
call_1786,data,0.2422,Base,316,0x624b60c58c9d8bfb6ff1886c2fd605d2adeb6ea4
call_1787,media,0.2016,Solana,2136,0x4e07408562bedb8b60ce05c1decfe3ad16b72230
call_1788,data,0.234,Base,490,0x4ec9599fc203d176a301536c2e091a19bc852759
call_1789,media,0.2821,Solana,1816,0x3d914f9348c9cc0ff8a79716700b9fcd4d2f3e71
call_1790,data,0.2664,Solana,433,0x3fdba35f04dc8c462986c992bcf8755462571130
call_1791,data,0.2632,Base,422,0x9f14025af0065b30e47e23ebb3b491d39ae8ed17
call_1792,media,0.3275,Base,1643,0x4523540f1504cd17100c4835e85b7eefd4991158
call_1793,social,0.1867,Solana,498,0x9f14025af0065b30e47e23ebb3b491d39ae8ed17
call_1794,social,0.1698,Solana,386,0x35135aaa6cc23891b40cb3f378c53a17a1127210
call_1795,reasoning,0.2857,Base,727,0x35135aaa6cc23891b40cb3f378c53a17a1127210
call_1796,reasoning,0.2898,Solana,849,0x59e19706d51d39f66711c2653cd7eb1291c94d9b
call_1797,media,0.2931,Base,2092,0x73475cb40a568e8da8a045ced110137e159f890a
call_1798,media,0.2967,Base,1786,0x0e17daca5f3e175f448bacace3bc0da47d0655a7
call_1799,social,0.2402,Solana,441,0xe629fa6598d732768f7c726b4b621285f9c3b853
call_1800,reasoning,0.2483,Base,829,0xf5ca38f748a1d6eaf726b8a42fb575c3c71f1864
call_1801,data,0.2358,Solana,592,0x6f4b6612125fb3a0daecd2799dfd6c9c299424fd
call_1802,media,0.3414,Solana,1280,0x3d914f9348c9cc0ff8a79716700b9fcd4d2f3e71
call_1803,infrastructure,0.2697,Base,395,0x31489056e0916d59fe3add79e63f095af3ffb816
call_1804,reasoning,0.2034,Solana,851,0x4fc82b26aecb47d2868c4efbe3581732a3e7cbcc
call_1805,reasoning,0.2079,Base,888,0x44cb730c420480a0477b505ae68af508fb90f96c
call_1806,trading,0.2477,Solana,336,0xe29c9c180c6279b0b02abd6a1801c7c04082cf48
call_1807,media,0.3246,Solana,1433,0x19581e27de7ced00ff1ce50b2047e7a567c76b1c
call_1808,data,0.2391,Solana,359,0x35135aaa6cc23891b40cb3f378c53a17a1127210
call_1809,data,0.2701,Base,433,0x3d914f9348c9cc0ff8a79716700b9fcd4d2f3e71
call_1810,reasoning,0.2635,Base,864,0x9f14025af0065b30e47e23ebb3b491d39ae8ed17
call_1811,reasoning,0.2467,Solana,673,0x6b86b273ff34fce19d6b804eff5a3f5747ada4ea
call_1812,infrastructure,0.2637,Base,374,0xe7f6c011776e8db7cd330b54174fd76f7d0216b6
call_1813,reasoning,0.2591,Base,492,0xd4735e3a265e16eee03f59718b9b5d03019c07d8
call_1814,reasoning,0.2594,Base,945,0x98010bd9270f9b100b6214a21754fd33bdc8d41b
call_1815,reasoning,0.2421,Solana,853,0xeb1e33e8a81b697b75855af6bfcdbcbf7cbbde9f
call_1816,media,0.3183,Base,1535,0x73475cb40a568e8da8a045ced110137e159f890a
call_1817,search,0.2133,Base,731,0xaea92132c4cbeb263e6ac2bf6c183b5d81737f17
call_1818,infrastructure,0.2723,Solana,291,0x73475cb40a568e8da8a045ced110137e159f890a
call_1819,reasoning,0.2908,Base,925,0xf5ca38f748a1d6eaf726b8a42fb575c3c71f1864
call_1820,trading,0.247,Base,287,0x2c624232cdd221771294dfbb310aca000a0df6ac
call_1821,data,0.3046,Base,372,0x670671cd97404156226e507973f2ab8330d3022c
call_1822,media,0.2631,Base,1631,0xc2356069e9d1e79ca924378153cfbbfb4d4416b1
call_1823,reasoning,0.2614,Base,791,0x7a61b53701befdae0eeeffaecc73f14e20b537bb
call_1824,search,0.2591,Base,675,0x3fdba35f04dc8c462986c992bcf8755462571130
call_1825,media,0.2477,Base,1590,0x31489056e0916d59fe3add79e63f095af3ffb816
call_1826,data,0.2774,Base,409,0x6b86b273ff34fce19d6b804eff5a3f5747ada4ea
call_1827,data,0.2489,Solana,307,0x6f4b6612125fb3a0daecd2799dfd6c9c299424fd
call_1828,data,0.2319,Base,412,0x86e50149658661312a9e0b35558d84f6c6d3da79
call_1829,reasoning,0.2292,Solana,927,0x4ec9599fc203d176a301536c2e091a19bc852759
call_1830,social,0.1967,Base,570,0x25fc0e7096fc653718202dc30b0c580b8ab87eac
call_1831,data,0.2383,Solana,368,0xaea92132c4cbeb263e6ac2bf6c183b5d81737f17
call_1832,media,0.3162,Base,1890,0x4fc82b26aecb47d2868c4efbe3581732a3e7cbcc
call_1833,reasoning,0.2447,Solana,684,0x19581e27de7ced00ff1ce50b2047e7a567c76b1c
call_1834,media,0.2333,Base,1839,0x4fc82b26aecb47d2868c4efbe3581732a3e7cbcc
call_1835,search,0.2559,Solana,710,0x31489056e0916d59fe3add79e63f095af3ffb816
call_1836,social,0.2361,Base,506,0x4ec9599fc203d176a301536c2e091a19bc852759
call_1837,reasoning,0.2659,Solana,887,0x7a61b53701befdae0eeeffaecc73f14e20b537bb
call_1838,reasoning,0.2587,Solana,717,0x3d914f9348c9cc0ff8a79716700b9fcd4d2f3e71
call_1839,reasoning,0.2509,Solana,816,0xb7a56873cd771f2c446d369b649430b65a756ba2
call_1840,data,0.2655,Base,562,0xb7a56873cd771f2c446d369b649430b65a756ba2
call_1841,search,0.2082,Base,480,0x6f4b6612125fb3a0daecd2799dfd6c9c299424fd
call_1842,reasoning,0.2418,Solana,827,0x59e19706d51d39f66711c2653cd7eb1291c94d9b
call_1843,search,0.2209,Base,594,0x86e50149658661312a9e0b35558d84f6c6d3da79
call_1844,media,0.2135,Base,1767,0xb7a56873cd771f2c446d369b649430b65a756ba2
call_1845,data,0.2233,Base,534,0x624b60c58c9d8bfb6ff1886c2fd605d2adeb6ea4
call_1846,media,0.291,Solana,2127,0x35135aaa6cc23891b40cb3f378c53a17a1127210
call_1847,reasoning,0.2776,Solana,764,0x71ee45a3c0db9a9865f7313dd3372cf60dca6479
call_1848,search,0.2414,Solana,644,0x1a6562590ef19d1045d06c4055742d38288e9e6d
call_1849,social,0.2138,Base,612,0xe629fa6598d732768f7c726b4b621285f9c3b853
call_1850,social,0.2107,Solana,611,0x76a50887d8f1c2e9301755428990ad81479ee21c
call_1851,media,0.2907,Solana,1368,0xc6f3ac57944a531490cd39902d0f777715fd005e
call_1852,social,0.2048,Base,576,0x98010bd9270f9b100b6214a21754fd33bdc8d41b
call_1853,social,0.2202,Base,437,0xb17ef6d19c7a5b1ee83b907c595526dcb1eb06db
call_1854,search,0.2561,Solana,481,0x59e19706d51d39f66711c2653cd7eb1291c94d9b
call_1855,reasoning,0.2613,Solana,828,0x44cb730c420480a0477b505ae68af508fb90f96c
call_1856,search,0.2317,Solana,569,0x0b918943df0962bc7a1824c0555a389347b4febd
call_1857,reasoning,0.255,Base,698,0xc2356069e9d1e79ca924378153cfbbfb4d4416b1
call_1858,social,0.2449,Solana,477,0x6f4b6612125fb3a0daecd2799dfd6c9c299424fd
call_1859,reasoning,0.2264,Base,703,0x0e17daca5f3e175f448bacace3bc0da47d0655a7
call_1860,trading,0.2737,Solana,268,0x2c624232cdd221771294dfbb310aca000a0df6ac
call_1861,social,0.245,Solana,555,0xc2356069e9d1e79ca924378153cfbbfb4d4416b1
call_1862,media,0.2156,Solana,1720,0xc6f3ac57944a531490cd39902d0f777715fd005e
call_1863,data,0.2508,Base,436,0xb17ef6d19c7a5b1ee83b907c595526dcb1eb06db
call_1864,search,0.2587,Base,655,0x535fa30d7e25dd8a49f1536779734ec8286108d1
call_1865,reasoning,0.2654,Base,975,0x3d914f9348c9cc0ff8a79716700b9fcd4d2f3e71
call_1866,reasoning,0.2678,Solana,888,0x3d914f9348c9cc0ff8a79716700b9fcd4d2f3e71
call_1867,search,0.2295,Base,592,0xe629fa6598d732768f7c726b4b621285f9c3b853
call_1868,search,0.2613,Base,548,0xd59eced1ded07f84c145592f65bdf854358e009c
call_1869,social,0.2901,Base,476,0x2c624232cdd221771294dfbb310aca000a0df6ac
call_1870,data,0.2484,Solana,402,0x25fc0e7096fc653718202dc30b0c580b8ab87eac
call_1871,reasoning,0.2778,Base,768,0xe629fa6598d732768f7c726b4b621285f9c3b853
call_1872,reasoning,0.263,Base,670,0x35135aaa6cc23891b40cb3f378c53a17a1127210
call_1873,data,0.2502,Base,335,0x6b86b273ff34fce19d6b804eff5a3f5747ada4ea
call_1874,infrastructure,0.2424,Base,360,0x35135aaa6cc23891b40cb3f378c53a17a1127210
call_1875,media,0.3405,Base,1797,0x9400f1b21cb527d7fa3d3eabba93557a18ebe7a2
call_1876,social,0.2616,Solana,464,0x7902699be42c8a8e46fbbb4501726517e86b22c5
call_1877,reasoning,0.2445,Base,868,0x0e17daca5f3e175f448bacace3bc0da47d0655a7
call_1878,search,0.3029,Solana,822,0x31489056e0916d59fe3add79e63f095af3ffb816
call_1879,reasoning,0.2479,Base,979,0xe629fa6598d732768f7c726b4b621285f9c3b853
call_1880,trading,0.3229,Solana,288,0xb17ef6d19c7a5b1ee83b907c595526dcb1eb06db
call_1881,data,0.2099,Solana,481,0x4ec9599fc203d176a301536c2e091a19bc852759
call_1882,search,0.2001,Base,632,0xc6f3ac57944a531490cd39902d0f777715fd005e
call_1883,media,0.2256,Solana,1437,0x811786ad1ae74adfdd20dd0372abaaebc6246e34
call_1884,reasoning,0.295,Base,1090,0xb17ef6d19c7a5b1ee83b907c595526dcb1eb06db
call_1885,data,0.2434,Solana,476,0x4a44dc15364204a80fe80e9039455cc160828182
call_1886,media,0.2501,Base,1502,0xd59eced1ded07f84c145592f65bdf854358e009c
call_1887,infrastructure,0.2731,Base,318,0xe629fa6598d732768f7c726b4b621285f9c3b853
call_1888,reasoning,0.273,Solana,624,0xe29c9c180c6279b0b02abd6a1801c7c04082cf48
call_1889,reasoning,0.2981,Base,604,0x6b51d431df5d7f141cbececcf79edf3dd861c3b4
call_1890,data,0.2453,Base,441,0x785f3ec7eb32f30b90cd0fcf3657d388b5ff4297
call_1891,social,0.2544,Solana,616,0x1a6562590ef19d1045d06c4055742d38288e9e6d
call_1892,media,0.2294,Solana,1785,0x86e50149658661312a9e0b35558d84f6c6d3da79
call_1893,reasoning,0.2625,Solana,702,0xc6f3ac57944a531490cd39902d0f777715fd005e
call_1894,reasoning,0.2402,Base,915,0x6f4b6612125fb3a0daecd2799dfd6c9c299424fd
call_1895,search,0.2431,Base,451,0x98010bd9270f9b100b6214a21754fd33bdc8d41b
call_1896,media,0.2942,Solana,1433,0xe29c9c180c6279b0b02abd6a1801c7c04082cf48
call_1897,infrastructure,0.2512,Solana,382,0x9f14025af0065b30e47e23ebb3b491d39ae8ed17
call_1898,reasoning,0.2572,Base,795,0x4ec9599fc203d176a301536c2e091a19bc852759
call_1899,social,0.2383,Base,552,0x31489056e0916d59fe3add79e63f095af3ffb816
call_1900,reasoning,0.28,Base,849,0xe29c9c180c6279b0b02abd6a1801c7c04082cf48
call_1901,data,0.2462,Solana,440,0x4fc82b26aecb47d2868c4efbe3581732a3e7cbcc
call_1902,reasoning,0.2744,Solana,829,0x4e07408562bedb8b60ce05c1decfe3ad16b72230
call_1903,reasoning,0.2866,Base,871,0xeb1e33e8a81b697b75855af6bfcdbcbf7cbbde9f
call_1904,trading,0.3077,Base,236,0x98010bd9270f9b100b6214a21754fd33bdc8d41b
call_1905,reasoning,0.2373,Base,716,0xb17ef6d19c7a5b1ee83b907c595526dcb1eb06db
call_1906,reasoning,0.2686,Base,772,0x8527a891e224136950ff32ca212b45bc93f69fbb
call_1907,media,0.2513,Solana,1690,0x3fdba35f04dc8c462986c992bcf8755462571130
call_1908,reasoning,0.2651,Base,745,0x811786ad1ae74adfdd20dd0372abaaebc6246e34
call_1909,reasoning,0.264,Solana,888,0x3d914f9348c9cc0ff8a79716700b9fcd4d2f3e71
call_1910,media,0.2772,Solana,1192,0x0b918943df0962bc7a1824c0555a389347b4febd
call_1911,social,0.1988,Solana,512,0x0b918943df0962bc7a1824c0555a389347b4febd
call_1912,reasoning,0.2785,Base,850,0x3fdba35f04dc8c462986c992bcf8755462571130
call_1913,reasoning,0.2412,Base,759,0x4fc82b26aecb47d2868c4efbe3581732a3e7cbcc
call_1914,data,0.2601,Base,464,0x2c624232cdd221771294dfbb310aca000a0df6ac
call_1915,data,0.2717,Base,550,0x7902699be42c8a8e46fbbb4501726517e86b22c5
call_1916,reasoning,0.2552,Base,749,0x785f3ec7eb32f30b90cd0fcf3657d388b5ff4297
call_1917,search,0.2414,Solana,582,0xf5ca38f748a1d6eaf726b8a42fb575c3c71f1864
call_1918,reasoning,0.2207,Solana,795,0x6b86b273ff34fce19d6b804eff5a3f5747ada4ea
call_1919,reasoning,0.2732,Solana,611,0xe629fa6598d732768f7c726b4b621285f9c3b853
call_1920,data,0.2589,Base,384,0xaea92132c4cbeb263e6ac2bf6c183b5d81737f17
call_1921,reasoning,0.239,Solana,1026,0x624b60c58c9d8bfb6ff1886c2fd605d2adeb6ea4
call_1922,data,0.2457,Solana,456,0x9400f1b21cb527d7fa3d3eabba93557a18ebe7a2
call_1923,data,0.2564,Base,432,0x7a61b53701befdae0eeeffaecc73f14e20b537bb
call_1924,reasoning,0.3007,Base,985,0x86e50149658661312a9e0b35558d84f6c6d3da79
call_1925,media,0.2396,Solana,1577,0x5f9c4ab08cac7457e9111a30e4664920607ea2c1
call_1926,data,0.2394,Base,561,0x7a61b53701befdae0eeeffaecc73f14e20b537bb
call_1927,reasoning,0.2552,Base,869,0x4fc82b26aecb47d2868c4efbe3581732a3e7cbcc
call_1928,media,0.2338,Solana,1551,0x4a44dc15364204a80fe80e9039455cc160828182
call_1929,data,0.2391,Solana,485,0xe7f6c011776e8db7cd330b54174fd76f7d0216b6
call_1930,reasoning,0.2198,Solana,732,0x35135aaa6cc23891b40cb3f378c53a17a1127210
call_1931,search,0.2129,Base,541,0x2c624232cdd221771294dfbb310aca000a0df6ac
call_1932,social,0.2076,Base,360,0xd59eced1ded07f84c145592f65bdf854358e009c
call_1933,infrastructure,0.2609,Base,413,0x6b51d431df5d7f141cbececcf79edf3dd861c3b4
call_1934,media,0.2354,Solana,1315,0xeb1e33e8a81b697b75855af6bfcdbcbf7cbbde9f
call_1935,social,0.2592,Solana,452,0x9400f1b21cb527d7fa3d3eabba93557a18ebe7a2
call_1936,data,0.2319,Base,425,0x624b60c58c9d8bfb6ff1886c2fd605d2adeb6ea4
call_1937,reasoning,0.2456,Base,842,0xf5ca38f748a1d6eaf726b8a42fb575c3c71f1864
call_1938,data,0.2588,Solana,473,0xd59eced1ded07f84c145592f65bdf854358e009c
call_1939,social,0.2772,Solana,421,0x6b86b273ff34fce19d6b804eff5a3f5747ada4ea
call_1940,infrastructure,0.2324,Solana,438,0x0e17daca5f3e175f448bacace3bc0da47d0655a7
call_1941,search,0.2296,Base,619,0xaea92132c4cbeb263e6ac2bf6c183b5d81737f17
call_1942,search,0.2416,Solana,611,0xc6f3ac57944a531490cd39902d0f777715fd005e
call_1943,infrastructure,0.2546,Base,376,0x86e50149658661312a9e0b35558d84f6c6d3da79
call_1944,reasoning,0.2204,Base,817,0x59e19706d51d39f66711c2653cd7eb1291c94d9b
call_1945,media,0.3224,Solana,1440,0x6b86b273ff34fce19d6b804eff5a3f5747ada4ea
call_1946,reasoning,0.2554,Solana,919,0x19581e27de7ced00ff1ce50b2047e7a567c76b1c
call_1947,media,0.3008,Solana,2134,0x19581e27de7ced00ff1ce50b2047e7a567c76b1c
call_1948,data,0.2427,Solana,411,0x0e17daca5f3e175f448bacace3bc0da47d0655a7
call_1949,data,0.2441,Solana,413,0x0e17daca5f3e175f448bacace3bc0da47d0655a7
call_1950,reasoning,0.2201,Solana,856,0x3fdba35f04dc8c462986c992bcf8755462571130
call_1951,media,0.2922,Base,1841,0x73475cb40a568e8da8a045ced110137e159f890a
call_1952,data,0.2633,Solana,459,0x6f4b6612125fb3a0daecd2799dfd6c9c299424fd
call_1953,reasoning,0.244,Base,902,0x0e17daca5f3e175f448bacace3bc0da47d0655a7
call_1954,media,0.2728,Solana,2072,0x71ee45a3c0db9a9865f7313dd3372cf60dca6479
call_1955,media,0.2631,Base,851,0x8527a891e224136950ff32ca212b45bc93f69fbb
call_1956,search,0.2443,Solana,676,0x624b60c58c9d8bfb6ff1886c2fd605d2adeb6ea4
call_1957,search,0.3039,Base,632,0x35135aaa6cc23891b40cb3f378c53a17a1127210
call_1958,reasoning,0.2648,Base,726,0x6b51d431df5d7f141cbececcf79edf3dd861c3b4
call_1959,infrastructure,0.247,Solana,376,0x76a50887d8f1c2e9301755428990ad81479ee21c
call_1960,data,0.2765,Base,331,0x6b51d431df5d7f141cbececcf79edf3dd861c3b4
call_1961,data,0.2502,Base,498,0xd59eced1ded07f84c145592f65bdf854358e009c
call_1962,reasoning,0.2643,Solana,782,0x785f3ec7eb32f30b90cd0fcf3657d388b5ff4297
call_1963,search,0.224,Base,721,0x4b227777d4dd1fc61c6f884f48641d02b4d121d3
call_1964,data,0.2371,Solana,512,0x4ec9599fc203d176a301536c2e091a19bc852759
call_1965,data,0.217,Base,568,0x6b86b273ff34fce19d6b804eff5a3f5747ada4ea
call_1966,trading,0.3067,Base,342,0x2c624232cdd221771294dfbb310aca000a0df6ac
call_1967,reasoning,0.2204,Base,919,0x7902699be42c8a8e46fbbb4501726517e86b22c5
call_1968,reasoning,0.2463,Solana,809,0xe7f6c011776e8db7cd330b54174fd76f7d0216b6
call_1969,reasoning,0.2872,Base,773,0x6b51d431df5d7f141cbececcf79edf3dd861c3b4
call_1970,data,0.2164,Base,335,0xe629fa6598d732768f7c726b4b621285f9c3b853
call_1971,data,0.281,Base,443,0xe29c9c180c6279b0b02abd6a1801c7c04082cf48
call_1972,reasoning,0.2499,Solana,1076,0xeb1e33e8a81b697b75855af6bfcdbcbf7cbbde9f
call_1973,data,0.2394,Base,423,0x7a61b53701befdae0eeeffaecc73f14e20b537bb
call_1974,data,0.2812,Solana,422,0x25fc0e7096fc653718202dc30b0c580b8ab87eac
call_1975,reasoning,0.2852,Base,872,0x4a44dc15364204a80fe80e9039455cc160828182
call_1976,search,0.24,Solana,567,0x25fc0e7096fc653718202dc30b0c580b8ab87eac
call_1977,media,0.2176,Solana,1179,0x5f9c4ab08cac7457e9111a30e4664920607ea2c1
call_1978,trading,0.2914,Solana,295,0xe629fa6598d732768f7c726b4b621285f9c3b853
call_1979,reasoning,0.254,Base,514,0x73475cb40a568e8da8a045ced110137e159f890a
call_1980,social,0.294,Solana,400,0x31489056e0916d59fe3add79e63f095af3ffb816
call_1981,social,0.2886,Base,591,0x86e50149658661312a9e0b35558d84f6c6d3da79
call_1982,search,0.2739,Solana,720,0x6b86b273ff34fce19d6b804eff5a3f5747ada4ea
call_1983,reasoning,0.2692,Solana,937,0x4b227777d4dd1fc61c6f884f48641d02b4d121d3
call_1984,trading,0.3432,Base,260,0xe629fa6598d732768f7c726b4b621285f9c3b853
call_1985,search,0.2536,Solana,560,0xeb1e33e8a81b697b75855af6bfcdbcbf7cbbde9f
call_1986,data,0.2887,Solana,390,0x25fc0e7096fc653718202dc30b0c580b8ab87eac
call_1987,social,0.2345,Base,390,0x5f9c4ab08cac7457e9111a30e4664920607ea2c1
call_1988,data,0.2478,Base,469,0x25fc0e7096fc653718202dc30b0c580b8ab87eac
call_1989,infrastructure,0.2803,Base,259,0x25fc0e7096fc653718202dc30b0c580b8ab87eac
call_1990,reasoning,0.2209,Base,1011,0xe7f6c011776e8db7cd330b54174fd76f7d0216b6
call_1991,reasoning,0.2533,Solana,790,0x86e50149658661312a9e0b35558d84f6c6d3da79
call_1992,reasoning,0.2241,Solana,770,0xf5ca38f748a1d6eaf726b8a42fb575c3c71f1864
call_1993,social,0.2753,Solana,497,0x4a44dc15364204a80fe80e9039455cc160828182
call_1994,social,0.2795,Base,547,0xd4735e3a265e16eee03f59718b9b5d03019c07d8
call_1995,search,0.2941,Base,475,0x4523540f1504cd17100c4835e85b7eefd4991158
call_1996,media,0.2286,Base,2077,0x624b60c58c9d8bfb6ff1886c2fd605d2adeb6ea4
call_1997,media,0.2299,Base,2223,0x4ec9599fc203d176a301536c2e091a19bc852759
call_1998,media,0.2518,Base,1506,0x3d914f9348c9cc0ff8a79716700b9fcd4d2f3e71
call_1999,data,0.2087,Base,455,0x6b86b273ff34fce19d6b804eff5a3f5747ada4ea
call_2000,reasoning,0.2163,Base,784,0xef2d127de37b942baad06145e54b0c619a1f2232
call_2001,media,0.2675,Base,1365,0x73475cb40a568e8da8a045ced110137e159f890a
call_2002,data,0.2465,Solana,384,0x624b60c58c9d8bfb6ff1886c2fd605d2adeb6ea4
call_2003,reasoning,0.2455,Solana,926,0x35135aaa6cc23891b40cb3f378c53a17a1127210
call_2004,search,0.2755,Solana,694,0x7a61b53701befdae0eeeffaecc73f14e20b537bb
call_2005,data,0.231,Solana,557,0xd59eced1ded07f84c145592f65bdf854358e009c
call_2006,data,0.2857,Solana,432,0xc2356069e9d1e79ca924378153cfbbfb4d4416b1
call_2007,media,0.2525,Solana,1125,0xd59eced1ded07f84c145592f65bdf854358e009c
call_2008,data,0.2613,Base,489,0x71ee45a3c0db9a9865f7313dd3372cf60dca6479
call_2009,media,0.2888,Base,1589,0x4e07408562bedb8b60ce05c1decfe3ad16b72230
call_2010,data,0.2697,Solana,440,0x7a61b53701befdae0eeeffaecc73f14e20b537bb
call_2011,data,0.25,Base,388,0xeb1e33e8a81b697b75855af6bfcdbcbf7cbbde9f
call_2012,infrastructure,0.2189,Base,295,0x785f3ec7eb32f30b90cd0fcf3657d388b5ff4297
call_2013,search,0.2695,Base,454,0x4fc82b26aecb47d2868c4efbe3581732a3e7cbcc
call_2014,data,0.1945,Solana,415,0xe7f6c011776e8db7cd330b54174fd76f7d0216b6
call_2015,data,0.2308,Base,533,0xe629fa6598d732768f7c726b4b621285f9c3b853
call_2016,data,0.2754,Solana,504,0x6b51d431df5d7f141cbececcf79edf3dd861c3b4
call_2017,media,0.3002,Solana,1792,0x785f3ec7eb32f30b90cd0fcf3657d388b5ff4297
call_2018,reasoning,0.2759,Solana,818,0x7902699be42c8a8e46fbbb4501726517e86b22c5
call_2019,reasoning,0.2591,Solana,830,0xe7f6c011776e8db7cd330b54174fd76f7d0216b6
call_2020,data,0.2426,Base,400,0xb7a56873cd771f2c446d369b649430b65a756ba2
call_2021,reasoning,0.2581,Solana,680,0x7902699be42c8a8e46fbbb4501726517e86b22c5
call_2022,search,0.2861,Solana,615,0x1a6562590ef19d1045d06c4055742d38288e9e6d
call_2023,data,0.2369,Base,449,0x76a50887d8f1c2e9301755428990ad81479ee21c
call_2024,reasoning,0.2592,Base,994,0xb7a56873cd771f2c446d369b649430b65a756ba2
call_2025,data,0.2281,Base,348,0xb17ef6d19c7a5b1ee83b907c595526dcb1eb06db
call_2026,reasoning,0.2856,Base,840,0x4ec9599fc203d176a301536c2e091a19bc852759
call_2027,reasoning,0.21,Base,1012,0x76a50887d8f1c2e9301755428990ad81479ee21c
call_2028,reasoning,0.2525,Solana,702,0x7902699be42c8a8e46fbbb4501726517e86b22c5
call_2029,trading,0.2984,Solana,264,0x811786ad1ae74adfdd20dd0372abaaebc6246e34
call_2030,data,0.2274,Solana,395,0x4523540f1504cd17100c4835e85b7eefd4991158
call_2031,trading,0.2724,Base,273,0x31489056e0916d59fe3add79e63f095af3ffb816
call_2032,search,0.2515,Base,627,0x4b227777d4dd1fc61c6f884f48641d02b4d121d3
call_2033,reasoning,0.2788,Solana,711,0xc6f3ac57944a531490cd39902d0f777715fd005e
call_2034,reasoning,0.2672,Base,845,0x0e17daca5f3e175f448bacace3bc0da47d0655a7
call_2035,media,0.3112,Solana,1864,0x19581e27de7ced00ff1ce50b2047e7a567c76b1c
call_2036,reasoning,0.2252,Solana,772,0x73475cb40a568e8da8a045ced110137e159f890a
call_2037,social,0.2031,Solana,468,0x8527a891e224136950ff32ca212b45bc93f69fbb
call_2038,data,0.3256,Solana,447,0xf5ca38f748a1d6eaf726b8a42fb575c3c71f1864
call_2039,social,0.2296,Base,434,0x7a61b53701befdae0eeeffaecc73f14e20b537bb
call_2040,infrastructure,0.3176,Solana,306,0x44cb730c420480a0477b505ae68af508fb90f96c
call_2041,infrastructure,0.2859,Base,397,0x86e50149658661312a9e0b35558d84f6c6d3da79
call_2042,reasoning,0.273,Solana,948,0x44cb730c420480a0477b505ae68af508fb90f96c
call_2043,trading,0.2455,Base,322,0x4a44dc15364204a80fe80e9039455cc160828182
call_2044,social,0.2216,Base,475,0xe7f6c011776e8db7cd330b54174fd76f7d0216b6
call_2045,data,0.2392,Base,375,0x4fc82b26aecb47d2868c4efbe3581732a3e7cbcc
call_2046,data,0.2912,Solana,394,0x2c624232cdd221771294dfbb310aca000a0df6ac
call_2047,reasoning,0.2353,Base,635,0x44cb730c420480a0477b505ae68af508fb90f96c
call_2048,reasoning,0.2769,Solana,625,0x35135aaa6cc23891b40cb3f378c53a17a1127210
call_2049,data,0.2442,Solana,489,0xe7f6c011776e8db7cd330b54174fd76f7d0216b6
call_2050,media,0.286,Solana,1437,0x3fdba35f04dc8c462986c992bcf8755462571130
call_2051,data,0.2593,Solana,453,0x2c624232cdd221771294dfbb310aca000a0df6ac
call_2052,reasoning,0.2636,Solana,939,0xe629fa6598d732768f7c726b4b621285f9c3b853
call_2053,data,0.2705,Solana,363,0x4e07408562bedb8b60ce05c1decfe3ad16b72230
call_2054,reasoning,0.2482,Solana,741,0xe29c9c180c6279b0b02abd6a1801c7c04082cf48
call_2055,social,0.2193,Solana,547,0xc6f3ac57944a531490cd39902d0f777715fd005e
call_2056,reasoning,0.2492,Base,911,0xb17ef6d19c7a5b1ee83b907c595526dcb1eb06db
call_2057,media,0.2415,Solana,1521,0x0e17daca5f3e175f448bacace3bc0da47d0655a7
call_2058,reasoning,0.2404,Base,827,0x9f14025af0065b30e47e23ebb3b491d39ae8ed17
call_2059,search,0.2546,Solana,701,0x4b227777d4dd1fc61c6f884f48641d02b4d121d3
call_2060,media,0.2909,Base,1533,0xc6f3ac57944a531490cd39902d0f777715fd005e
call_2061,media,0.2787,Base,1676,0xf5ca38f748a1d6eaf726b8a42fb575c3c71f1864
call_2062,search,0.2532,Solana,629,0x76a50887d8f1c2e9301755428990ad81479ee21c
call_2063,reasoning,0.2344,Solana,993,0x71ee45a3c0db9a9865f7313dd3372cf60dca6479
call_2064,trading,0.2689,Base,356,0x4fc82b26aecb47d2868c4efbe3581732a3e7cbcc
call_2065,data,0.2418,Solana,493,0xd4735e3a265e16eee03f59718b9b5d03019c07d8
call_2066,data,0.2545,Base,387,0xc2356069e9d1e79ca924378153cfbbfb4d4416b1
call_2067,reasoning,0.2485,Solana,982,0x7902699be42c8a8e46fbbb4501726517e86b22c5
call_2068,search,0.2273,Solana,709,0x4fc82b26aecb47d2868c4efbe3581732a3e7cbcc
call_2069,search,0.2151,Solana,663,0x785f3ec7eb32f30b90cd0fcf3657d388b5ff4297
call_2070,data,0.238,Base,292,0x670671cd97404156226e507973f2ab8330d3022c
call_2071,reasoning,0.2034,Base,804,0x76a50887d8f1c2e9301755428990ad81479ee21c
call_2072,reasoning,0.2235,Solana,870,0x4ec9599fc203d176a301536c2e091a19bc852759
call_2073,data,0.2897,Base,389,0x4ec9599fc203d176a301536c2e091a19bc852759
call_2074,reasoning,0.1684,Base,786,0x35135aaa6cc23891b40cb3f378c53a17a1127210
call_2075,data,0.269,Solana,498,0x76a50887d8f1c2e9301755428990ad81479ee21c
call_2076,media,0.3151,Solana,1691,0x4fc82b26aecb47d2868c4efbe3581732a3e7cbcc
call_2077,reasoning,0.2492,Base,865,0x19581e27de7ced00ff1ce50b2047e7a567c76b1c
call_2078,infrastructure,0.2248,Solana,303,0x35135aaa6cc23891b40cb3f378c53a17a1127210
call_2079,reasoning,0.2608,Base,854,0x9400f1b21cb527d7fa3d3eabba93557a18ebe7a2
call_2080,infrastructure,0.2602,Solana,376,0x4ec9599fc203d176a301536c2e091a19bc852759
call_2081,data,0.2538,Base,371,0x0b918943df0962bc7a1824c0555a389347b4febd
call_2082,trading,0.2791,Base,270,0x624b60c58c9d8bfb6ff1886c2fd605d2adeb6ea4
call_2083,reasoning,0.2824,Base,1228,0x73475cb40a568e8da8a045ced110137e159f890a
call_2084,data,0.2648,Base,359,0xe29c9c180c6279b0b02abd6a1801c7c04082cf48
call_2085,reasoning,0.2702,Solana,646,0x7a61b53701befdae0eeeffaecc73f14e20b537bb
call_2086,search,0.2797,Solana,475,0x59e19706d51d39f66711c2653cd7eb1291c94d9b
call_2087,data,0.2054,Solana,416,0x0e17daca5f3e175f448bacace3bc0da47d0655a7
call_2088,media,0.2631,Solana,1414,0x3fdba35f04dc8c462986c992bcf8755462571130
call_2089,data,0.2743,Solana,408,0x86e50149658661312a9e0b35558d84f6c6d3da79
call_2090,reasoning,0.2183,Solana,678,0xef2d127de37b942baad06145e54b0c619a1f2232
call_2091,reasoning,0.2853,Solana,859,0x4fc82b26aecb47d2868c4efbe3581732a3e7cbcc
call_2092,media,0.2699,Base,1457,0x4fc82b26aecb47d2868c4efbe3581732a3e7cbcc
call_2093,search,0.1942,Base,503,0x7902699be42c8a8e46fbbb4501726517e86b22c5
call_2094,search,0.2142,Solana,664,0x3fdba35f04dc8c462986c992bcf8755462571130
call_2095,data,0.2585,Solana,415,0x44cb730c420480a0477b505ae68af508fb90f96c
call_2096,reasoning,0.2462,Solana,790,0xe29c9c180c6279b0b02abd6a1801c7c04082cf48
call_2097,data,0.2323,Base,353,0xf5ca38f748a1d6eaf726b8a42fb575c3c71f1864
call_2098,media,0.2514,Solana,1490,0x59e19706d51d39f66711c2653cd7eb1291c94d9b
call_2099,data,0.2675,Solana,298,0x4fc82b26aecb47d2868c4efbe3581732a3e7cbcc
call_2100,trading,0.3437,Solana,318,0xef2d127de37b942baad06145e54b0c619a1f2232
call_2101,media,0.2755,Solana,1496,0x785f3ec7eb32f30b90cd0fcf3657d388b5ff4297
call_2102,reasoning,0.2717,Solana,607,0x670671cd97404156226e507973f2ab8330d3022c
call_2103,reasoning,0.2398,Base,876,0xe629fa6598d732768f7c726b4b621285f9c3b853
call_2104,data,0.2355,Base,389,0xe29c9c180c6279b0b02abd6a1801c7c04082cf48
call_2105,reasoning,0.2502,Solana,806,0x535fa30d7e25dd8a49f1536779734ec8286108d1
call_2106,search,0.2293,Base,623,0x3fdba35f04dc8c462986c992bcf8755462571130
call_2107,media,0.2588,Base,1300,0xef2d127de37b942baad06145e54b0c619a1f2232
call_2108,reasoning,0.2358,Base,1195,0x59e19706d51d39f66711c2653cd7eb1291c94d9b
call_2109,search,0.1952,Solana,682,0x1a6562590ef19d1045d06c4055742d38288e9e6d
call_2110,social,0.2637,Solana,494,0x3d914f9348c9cc0ff8a79716700b9fcd4d2f3e71
call_2111,reasoning,0.2719,Solana,887,0xe629fa6598d732768f7c726b4b621285f9c3b853
call_2112,data,0.2555,Solana,476,0xe29c9c180c6279b0b02abd6a1801c7c04082cf48
call_2113,data,0.2524,Solana,478,0x1a6562590ef19d1045d06c4055742d38288e9e6d
call_2114,reasoning,0.2596,Solana,831,0xf5ca38f748a1d6eaf726b8a42fb575c3c71f1864
call_2115,trading,0.2215,Solana,328,0x71ee45a3c0db9a9865f7313dd3372cf60dca6479
call_2116,reasoning,0.2259,Base,753,0xe29c9c180c6279b0b02abd6a1801c7c04082cf48
call_2117,reasoning,0.2288,Base,946,0xaea92132c4cbeb263e6ac2bf6c183b5d81737f17
call_2118,infrastructure,0.2076,Solana,329,0x7a61b53701befdae0eeeffaecc73f14e20b537bb
call_2119,reasoning,0.2118,Solana,715,0x1a6562590ef19d1045d06c4055742d38288e9e6d
call_2120,trading,0.3575,Solana,249,0xd59eced1ded07f84c145592f65bdf854358e009c
call_2121,reasoning,0.2678,Solana,895,0x4a44dc15364204a80fe80e9039455cc160828182
call_2122,social,0.264,Solana,416,0x2c624232cdd221771294dfbb310aca000a0df6ac
call_2123,data,0.2498,Base,344,0x4e07408562bedb8b60ce05c1decfe3ad16b72230
call_2124,search,0.2284,Base,516,0x44cb730c420480a0477b505ae68af508fb90f96c
call_2125,reasoning,0.2277,Base,792,0x4ec9599fc203d176a301536c2e091a19bc852759
call_2126,reasoning,0.2142,Solana,702,0xaea92132c4cbeb263e6ac2bf6c183b5d81737f17
call_2127,trading,0.3002,Base,255,0x6b51d431df5d7f141cbececcf79edf3dd861c3b4
call_2128,infrastructure,0.2733,Base,327,0x0e17daca5f3e175f448bacace3bc0da47d0655a7
call_2129,media,0.3158,Base,1837,0x59e19706d51d39f66711c2653cd7eb1291c94d9b
call_2130,reasoning,0.2908,Base,888,0x35135aaa6cc23891b40cb3f378c53a17a1127210
call_2131,reasoning,0.2935,Base,667,0x6b86b273ff34fce19d6b804eff5a3f5747ada4ea
call_2132,data,0.2335,Base,312,0x2c624232cdd221771294dfbb310aca000a0df6ac
call_2133,data,0.2537,Base,493,0x4b227777d4dd1fc61c6f884f48641d02b4d121d3
call_2134,reasoning,0.2403,Solana,1148,0x2c624232cdd221771294dfbb310aca000a0df6ac
call_2135,reasoning,0.2347,Solana,834,0x624b60c58c9d8bfb6ff1886c2fd605d2adeb6ea4
call_2136,search,0.2133,Base,518,0x31489056e0916d59fe3add79e63f095af3ffb816
call_2137,social,0.2633,Base,508,0x6b51d431df5d7f141cbececcf79edf3dd861c3b4
call_2138,reasoning,0.2673,Solana,810,0x8527a891e224136950ff32ca212b45bc93f69fbb
call_2139,trading,0.2397,Solana,209,0x25fc0e7096fc653718202dc30b0c580b8ab87eac
call_2140,reasoning,0.2497,Solana,952,0x3d914f9348c9cc0ff8a79716700b9fcd4d2f3e71
call_2141,reasoning,0.2492,Base,972,0x6b86b273ff34fce19d6b804eff5a3f5747ada4ea
call_2142,media,0.2598,Solana,1522,0x4b227777d4dd1fc61c6f884f48641d02b4d121d3
call_2143,media,0.2735,Solana,1677,0x1a6562590ef19d1045d06c4055742d38288e9e6d
call_2144,search,0.253,Solana,670,0xc6f3ac57944a531490cd39902d0f777715fd005e
call_2145,social,0.2375,Solana,469,0xf5ca38f748a1d6eaf726b8a42fb575c3c71f1864
call_2146,reasoning,0.2114,Solana,716,0x4523540f1504cd17100c4835e85b7eefd4991158
call_2147,data,0.2461,Solana,524,0xb7a56873cd771f2c446d369b649430b65a756ba2
call_2148,search,0.2513,Solana,537,0xd4735e3a265e16eee03f59718b9b5d03019c07d8
call_2149,reasoning,0.2342,Base,773,0x71ee45a3c0db9a9865f7313dd3372cf60dca6479
call_2150,search,0.2171,Solana,565,0x9400f1b21cb527d7fa3d3eabba93557a18ebe7a2
call_2151,reasoning,0.3175,Solana,784,0xb17ef6d19c7a5b1ee83b907c595526dcb1eb06db
call_2152,reasoning,0.2465,Base,790,0x3d914f9348c9cc0ff8a79716700b9fcd4d2f3e71
call_2153,data,0.246,Base,502,0xf5ca38f748a1d6eaf726b8a42fb575c3c71f1864
call_2154,infrastructure,0.1994,Base,285,0x4fc82b26aecb47d2868c4efbe3581732a3e7cbcc
call_2155,reasoning,0.2731,Base,603,0x2c624232cdd221771294dfbb310aca000a0df6ac
call_2156,reasoning,0.2668,Solana,917,0xe629fa6598d732768f7c726b4b621285f9c3b853
call_2157,media,0.3167,Solana,1357,0x5f9c4ab08cac7457e9111a30e4664920607ea2c1
call_2158,reasoning,0.2643,Base,852,0x9f14025af0065b30e47e23ebb3b491d39ae8ed17
call_2159,data,0.2512,Solana,453,0x4ec9599fc203d176a301536c2e091a19bc852759
call_2160,reasoning,0.2493,Solana,791,0x19581e27de7ced00ff1ce50b2047e7a567c76b1c
call_2161,search,0.2276,Base,565,0x4a44dc15364204a80fe80e9039455cc160828182
call_2162,reasoning,0.2709,Solana,852,0xf5ca38f748a1d6eaf726b8a42fb575c3c71f1864
call_2163,reasoning,0.2778,Solana,958,0x6f4b6612125fb3a0daecd2799dfd6c9c299424fd
call_2164,reasoning,0.2666,Solana,933,0x6b86b273ff34fce19d6b804eff5a3f5747ada4ea
call_2165,media,0.3381,Solana,1823,0x5f9c4ab08cac7457e9111a30e4664920607ea2c1
call_2166,data,0.2378,Base,433,0x4fc82b26aecb47d2868c4efbe3581732a3e7cbcc
call_2167,reasoning,0.2476,Base,952,0xaea92132c4cbeb263e6ac2bf6c183b5d81737f17
call_2168,reasoning,0.2968,Solana,927,0x2c624232cdd221771294dfbb310aca000a0df6ac
call_2169,data,0.2501,Solana,454,0xe629fa6598d732768f7c726b4b621285f9c3b853
call_2170,infrastructure,0.2277,Base,363,0x4e07408562bedb8b60ce05c1decfe3ad16b72230
call_2171,search,0.2241,Solana,657,0x3fdba35f04dc8c462986c992bcf8755462571130
call_2172,reasoning,0.2178,Solana,954,0x3fdba35f04dc8c462986c992bcf8755462571130
call_2173,reasoning,0.2904,Base,1034,0x98010bd9270f9b100b6214a21754fd33bdc8d41b
call_2174,data,0.2656,Solana,566,0xc6f3ac57944a531490cd39902d0f777715fd005e
call_2175,search,0.2638,Solana,577,0xaea92132c4cbeb263e6ac2bf6c183b5d81737f17
call_2176,reasoning,0.2431,Solana,777,0x5f9c4ab08cac7457e9111a30e4664920607ea2c1
call_2177,media,0.2429,Solana,1916,0xef2d127de37b942baad06145e54b0c619a1f2232
call_2178,reasoning,0.2075,Solana,839,0x6b51d431df5d7f141cbececcf79edf3dd861c3b4
call_2179,search,0.2245,Base,650,0x73475cb40a568e8da8a045ced110137e159f890a
call_2180,reasoning,0.2458,Base,829,0x44cb730c420480a0477b505ae68af508fb90f96c
call_2181,data,0.2334,Base,309,0x4ec9599fc203d176a301536c2e091a19bc852759
call_2182,social,0.278,Solana,556,0xe7f6c011776e8db7cd330b54174fd76f7d0216b6
call_2183,reasoning,0.3103,Solana,769,0x9f14025af0065b30e47e23ebb3b491d39ae8ed17
call_2184,search,0.2383,Solana,773,0xd4735e3a265e16eee03f59718b9b5d03019c07d8
call_2185,data,0.263,Base,417,0x7902699be42c8a8e46fbbb4501726517e86b22c5
call_2186,reasoning,0.2448,Solana,755,0xe629fa6598d732768f7c726b4b621285f9c3b853
call_2187,reasoning,0.271,Base,691,0x4a44dc15364204a80fe80e9039455cc160828182
call_2188,search,0.1903,Solana,601,0xd4735e3a265e16eee03f59718b9b5d03019c07d8
call_2189,reasoning,0.2836,Base,741,0xb17ef6d19c7a5b1ee83b907c595526dcb1eb06db
call_2190,data,0.2113,Base,409,0x9f14025af0065b30e47e23ebb3b491d39ae8ed17
call_2191,data,0.3014,Base,365,0xe7f6c011776e8db7cd330b54174fd76f7d0216b6
call_2192,reasoning,0.2467,Solana,661,0x0e17daca5f3e175f448bacace3bc0da47d0655a7
call_2193,reasoning,0.2376,Base,956,0x71ee45a3c0db9a9865f7313dd3372cf60dca6479
call_2194,data,0.2547,Solana,297,0x1a6562590ef19d1045d06c4055742d38288e9e6d
call_2195,social,0.2143,Base,509,0x9f14025af0065b30e47e23ebb3b491d39ae8ed17
call_2196,trading,0.3075,Solana,315,0x6b86b273ff34fce19d6b804eff5a3f5747ada4ea
call_2197,social,0.2143,Base,649,0xf5ca38f748a1d6eaf726b8a42fb575c3c71f1864
call_2198,data,0.1822,Base,407,0xe629fa6598d732768f7c726b4b621285f9c3b853
call_2199,data,0.2232,Base,400,0x4ec9599fc203d176a301536c2e091a19bc852759
call_2200,search,0.2717,Base,722,0xb7a56873cd771f2c446d369b649430b65a756ba2
call_2201,reasoning,0.2446,Solana,869,0x8527a891e224136950ff32ca212b45bc93f69fbb
call_2202,reasoning,0.2043,Base,825,0x4a44dc15364204a80fe80e9039455cc160828182
call_2203,reasoning,0.2338,Solana,1066,0x59e19706d51d39f66711c2653cd7eb1291c94d9b
call_2204,reasoning,0.2751,Base,909,0xd59eced1ded07f84c145592f65bdf854358e009c
call_2205,reasoning,0.2044,Base,625,0x19581e27de7ced00ff1ce50b2047e7a567c76b1c
call_2206,reasoning,0.2505,Solana,909,0x31489056e0916d59fe3add79e63f095af3ffb816
call_2207,search,0.2025,Solana,646,0x670671cd97404156226e507973f2ab8330d3022c
call_2208,social,0.193,Solana,479,0x98010bd9270f9b100b6214a21754fd33bdc8d41b
call_2209,reasoning,0.2089,Base,759,0x9f14025af0065b30e47e23ebb3b491d39ae8ed17
call_2210,media,0.2896,Solana,1773,0xc2356069e9d1e79ca924378153cfbbfb4d4416b1
call_2211,reasoning,0.2432,Base,711,0x3d914f9348c9cc0ff8a79716700b9fcd4d2f3e71
call_2212,reasoning,0.2522,Solana,825,0x73475cb40a568e8da8a045ced110137e159f890a
call_2213,trading,0.2752,Solana,233,0x535fa30d7e25dd8a49f1536779734ec8286108d1
call_2214,media,0.2543,Solana,1596,0x4b227777d4dd1fc61c6f884f48641d02b4d121d3
call_2215,reasoning,0.2337,Solana,794,0x785f3ec7eb32f30b90cd0fcf3657d388b5ff4297
call_2216,search,0.2329,Solana,446,0xb17ef6d19c7a5b1ee83b907c595526dcb1eb06db
call_2217,reasoning,0.2687,Solana,997,0x1a6562590ef19d1045d06c4055742d38288e9e6d
call_2218,reasoning,0.2587,Solana,802,0x6b51d431df5d7f141cbececcf79edf3dd861c3b4
call_2219,media,0.2874,Solana,1553,0xc6f3ac57944a531490cd39902d0f777715fd005e
call_2220,reasoning,0.2554,Solana,858,0x86e50149658661312a9e0b35558d84f6c6d3da79
call_2221,media,0.288,Base,1828,0xf5ca38f748a1d6eaf726b8a42fb575c3c71f1864
call_2222,trading,0.2956,Solana,241,0x6b51d431df5d7f141cbececcf79edf3dd861c3b4
call_2223,media,0.2938,Solana,1513,0xb7a56873cd771f2c446d369b649430b65a756ba2
call_2224,data,0.2046,Base,361,0x71ee45a3c0db9a9865f7313dd3372cf60dca6479
call_2225,social,0.2475,Solana,458,0x7902699be42c8a8e46fbbb4501726517e86b22c5
call_2226,data,0.2374,Base,513,0x59e19706d51d39f66711c2653cd7eb1291c94d9b
call_2227,reasoning,0.2503,Base,873,0xe629fa6598d732768f7c726b4b621285f9c3b853
call_2228,infrastructure,0.3169,Solana,334,0x6b86b273ff34fce19d6b804eff5a3f5747ada4ea
call_2229,reasoning,0.2363,Solana,681,0x8527a891e224136950ff32ca212b45bc93f69fbb
call_2230,search,0.2373,Base,472,0x4fc82b26aecb47d2868c4efbe3581732a3e7cbcc
call_2231,social,0.2005,Solana,490,0x4fc82b26aecb47d2868c4efbe3581732a3e7cbcc
call_2232,reasoning,0.2611,Solana,891,0x31489056e0916d59fe3add79e63f095af3ffb816
call_2233,data,0.2558,Base,387,0x535fa30d7e25dd8a49f1536779734ec8286108d1
call_2234,data,0.2293,Base,457,0x4ec9599fc203d176a301536c2e091a19bc852759
call_2235,search,0.2301,Base,731,0x5f9c4ab08cac7457e9111a30e4664920607ea2c1
call_2236,reasoning,0.2661,Solana,808,0x670671cd97404156226e507973f2ab8330d3022c
call_2237,social,0.2458,Base,506,0x73475cb40a568e8da8a045ced110137e159f890a
call_2238,reasoning,0.2642,Base,742,0x811786ad1ae74adfdd20dd0372abaaebc6246e34
call_2239,search,0.2479,Solana,600,0xb17ef6d19c7a5b1ee83b907c595526dcb1eb06db
call_2240,reasoning,0.2387,Base,820,0xeb1e33e8a81b697b75855af6bfcdbcbf7cbbde9f
call_2241,media,0.3058,Base,873,0xe7f6c011776e8db7cd330b54174fd76f7d0216b6
call_2242,reasoning,0.2304,Base,628,0x98010bd9270f9b100b6214a21754fd33bdc8d41b
call_2243,infrastructure,0.279,Solana,388,0x4e07408562bedb8b60ce05c1decfe3ad16b72230
call_2244,media,0.261,Base,1554,0x3d914f9348c9cc0ff8a79716700b9fcd4d2f3e71
call_2245,search,0.2704,Base,594,0x1a6562590ef19d1045d06c4055742d38288e9e6d
call_2246,data,0.2471,Base,376,0x3fdba35f04dc8c462986c992bcf8755462571130
call_2247,media,0.2252,Solana,1992,0x5f9c4ab08cac7457e9111a30e4664920607ea2c1
call_2248,reasoning,0.2729,Solana,935,0x6b86b273ff34fce19d6b804eff5a3f5747ada4ea
call_2249,media,0.3181,Solana,1769,0x44cb730c420480a0477b505ae68af508fb90f96c
call_2250,reasoning,0.2343,Solana,1034,0x7a61b53701befdae0eeeffaecc73f14e20b537bb
call_2251,search,0.2715,Solana,592,0x9f14025af0065b30e47e23ebb3b491d39ae8ed17
call_2252,social,0.2688,Base,392,0x3fdba35f04dc8c462986c992bcf8755462571130
call_2253,reasoning,0.2516,Base,1016,0x4fc82b26aecb47d2868c4efbe3581732a3e7cbcc
call_2254,search,0.2642,Base,591,0xb17ef6d19c7a5b1ee83b907c595526dcb1eb06db
call_2255,infrastructure,0.2364,Solana,308,0x811786ad1ae74adfdd20dd0372abaaebc6246e34
call_2256,media,0.2631,Base,1581,0xb17ef6d19c7a5b1ee83b907c595526dcb1eb06db
call_2257,data,0.238,Solana,501,0xe7f6c011776e8db7cd330b54174fd76f7d0216b6
call_2258,reasoning,0.2322,Base,901,0x4b227777d4dd1fc61c6f884f48641d02b4d121d3
call_2259,reasoning,0.2638,Solana,1090,0x6b51d431df5d7f141cbececcf79edf3dd861c3b4
call_2260,media,0.2454,Base,1377,0x44cb730c420480a0477b505ae68af508fb90f96c
call_2261,search,0.2831,Solana,657,0xe29c9c180c6279b0b02abd6a1801c7c04082cf48
call_2262,social,0.2737,Base,362,0x86e50149658661312a9e0b35558d84f6c6d3da79
call_2263,reasoning,0.2474,Solana,817,0x670671cd97404156226e507973f2ab8330d3022c
call_2264,reasoning,0.2505,Base,740,0x7902699be42c8a8e46fbbb4501726517e86b22c5
call_2265,reasoning,0.2598,Solana,881,0x71ee45a3c0db9a9865f7313dd3372cf60dca6479
call_2266,reasoning,0.2155,Solana,732,0x1a6562590ef19d1045d06c4055742d38288e9e6d
call_2267,social,0.2084,Base,522,0x4fc82b26aecb47d2868c4efbe3581732a3e7cbcc
call_2268,reasoning,0.259,Solana,629,0x76a50887d8f1c2e9301755428990ad81479ee21c
call_2269,trading,0.3457,Base,351,0x7902699be42c8a8e46fbbb4501726517e86b22c5
call_2270,trading,0.2717,Solana,361,0x5f9c4ab08cac7457e9111a30e4664920607ea2c1
call_2271,reasoning,0.206,Base,1005,0x76a50887d8f1c2e9301755428990ad81479ee21c
call_2272,reasoning,0.2181,Base,824,0x6b51d431df5d7f141cbececcf79edf3dd861c3b4
call_2273,social,0.2649,Base,516,0xc6f3ac57944a531490cd39902d0f777715fd005e
call_2274,media,0.2502,Solana,1397,0x31489056e0916d59fe3add79e63f095af3ffb816
call_2275,search,0.1919,Solana,637,0x4e07408562bedb8b60ce05c1decfe3ad16b72230
call_2276,social,0.2278,Base,558,0xf5ca38f748a1d6eaf726b8a42fb575c3c71f1864
call_2277,social,0.2352,Solana,452,0x71ee45a3c0db9a9865f7313dd3372cf60dca6479
call_2278,data,0.2393,Solana,566,0xaea92132c4cbeb263e6ac2bf6c183b5d81737f17
call_2279,media,0.2572,Solana,1425,0x670671cd97404156226e507973f2ab8330d3022c
call_2280,reasoning,0.2352,Solana,921,0x4b227777d4dd1fc61c6f884f48641d02b4d121d3
call_2281,trading,0.3001,Base,286,0x4e07408562bedb8b60ce05c1decfe3ad16b72230
call_2282,search,0.2522,Base,514,0x3fdba35f04dc8c462986c992bcf8755462571130
call_2283,data,0.2555,Solana,480,0x3d914f9348c9cc0ff8a79716700b9fcd4d2f3e71
call_2284,search,0.243,Solana,553,0xd4735e3a265e16eee03f59718b9b5d03019c07d8
call_2285,media,0.2764,Solana,1776,0x44cb730c420480a0477b505ae68af508fb90f96c
call_2286,media,0.2969,Base,1710,0x31489056e0916d59fe3add79e63f095af3ffb816
call_2287,reasoning,0.2571,Solana,826,0x35135aaa6cc23891b40cb3f378c53a17a1127210
call_2288,reasoning,0.2487,Base,631,0x31489056e0916d59fe3add79e63f095af3ffb816
call_2289,reasoning,0.2376,Solana,724,0xc2356069e9d1e79ca924378153cfbbfb4d4416b1
call_2290,data,0.2424,Solana,415,0x8527a891e224136950ff32ca212b45bc93f69fbb
call_2291,reasoning,0.2307,Base,969,0x98010bd9270f9b100b6214a21754fd33bdc8d41b
call_2292,search,0.2517,Base,471,0x6b86b273ff34fce19d6b804eff5a3f5747ada4ea
call_2293,reasoning,0.2768,Base,879,0xeb1e33e8a81b697b75855af6bfcdbcbf7cbbde9f
call_2294,data,0.2236,Solana,414,0xd59eced1ded07f84c145592f65bdf854358e009c
call_2295,reasoning,0.3174,Solana,790,0x4fc82b26aecb47d2868c4efbe3581732a3e7cbcc
call_2296,infrastructure,0.2753,Base,379,0x6b51d431df5d7f141cbececcf79edf3dd861c3b4
call_2297,data,0.2303,Solana,345,0x9f14025af0065b30e47e23ebb3b491d39ae8ed17
call_2298,social,0.2965,Base,445,0xd4735e3a265e16eee03f59718b9b5d03019c07d8
call_2299,data,0.2469,Base,409,0xe7f6c011776e8db7cd330b54174fd76f7d0216b6
call_2300,search,0.2502,Base,639,0x9400f1b21cb527d7fa3d3eabba93557a18ebe7a2
call_2301,media,0.2057,Base,1778,0x59e19706d51d39f66711c2653cd7eb1291c94d9b
call_2302,reasoning,0.2264,Base,833,0x76a50887d8f1c2e9301755428990ad81479ee21c
call_2303,data,0.2506,Solana,338,0x6b86b273ff34fce19d6b804eff5a3f5747ada4ea
call_2304,social,0.2425,Base,575,0x0b918943df0962bc7a1824c0555a389347b4febd
call_2305,data,0.2321,Solana,432,0x8527a891e224136950ff32ca212b45bc93f69fbb
call_2306,search,0.227,Solana,590,0x4e07408562bedb8b60ce05c1decfe3ad16b72230
call_2307,reasoning,0.2792,Solana,558,0x0e17daca5f3e175f448bacace3bc0da47d0655a7
call_2308,data,0.2648,Solana,372,0x3fdba35f04dc8c462986c992bcf8755462571130
call_2309,social,0.2723,Solana,555,0x624b60c58c9d8bfb6ff1886c2fd605d2adeb6ea4
call_2310,data,0.2676,Solana,371,0x0b918943df0962bc7a1824c0555a389347b4febd
call_2311,search,0.2384,Base,474,0x4ec9599fc203d176a301536c2e091a19bc852759
call_2312,search,0.2524,Base,552,0x6b86b273ff34fce19d6b804eff5a3f5747ada4ea
call_2313,data,0.2405,Base,385,0x4ec9599fc203d176a301536c2e091a19bc852759
call_2314,media,0.3324,Solana,1443,0xc6f3ac57944a531490cd39902d0f777715fd005e
call_2315,reasoning,0.2761,Base,798,0x7a61b53701befdae0eeeffaecc73f14e20b537bb
call_2316,media,0.3154,Solana,1694,0x0e17daca5f3e175f448bacace3bc0da47d0655a7
call_2317,reasoning,0.2423,Base,793,0x0e17daca5f3e175f448bacace3bc0da47d0655a7
call_2318,media,0.2608,Solana,1699,0x4ec9599fc203d176a301536c2e091a19bc852759
call_2319,infrastructure,0.2271,Solana,303,0x86e50149658661312a9e0b35558d84f6c6d3da79
call_2320,social,0.1966,Solana,462,0x3fdba35f04dc8c462986c992bcf8755462571130
call_2321,data,0.2384,Solana,392,0xef2d127de37b942baad06145e54b0c619a1f2232
call_2322,search,0.2217,Base,585,0xd4735e3a265e16eee03f59718b9b5d03019c07d8
call_2323,search,0.2164,Solana,728,0x6b51d431df5d7f141cbececcf79edf3dd861c3b4
call_2324,reasoning,0.2491,Base,798,0x3d914f9348c9cc0ff8a79716700b9fcd4d2f3e71
call_2325,social,0.2747,Solana,415,0x5f9c4ab08cac7457e9111a30e4664920607ea2c1
call_2326,data,0.2463,Solana,474,0x5f9c4ab08cac7457e9111a30e4664920607ea2c1
call_2327,search,0.2635,Base,623,0x6b51d431df5d7f141cbececcf79edf3dd861c3b4
call_2328,data,0.2482,Base,330,0x0b918943df0962bc7a1824c0555a389347b4febd
call_2329,media,0.3257,Base,1257,0x98010bd9270f9b100b6214a21754fd33bdc8d41b
call_2330,reasoning,0.2378,Base,1052,0x35135aaa6cc23891b40cb3f378c53a17a1127210
call_2331,search,0.1888,Base,446,0x4b227777d4dd1fc61c6f884f48641d02b4d121d3
call_2332,social,0.1673,Solana,502,0x4b227777d4dd1fc61c6f884f48641d02b4d121d3
call_2333,search,0.2688,Base,764,0x98010bd9270f9b100b6214a21754fd33bdc8d41b
call_2334,infrastructure,0.2642,Base,285,0x31489056e0916d59fe3add79e63f095af3ffb816
call_2335,social,0.2361,Base,637,0x6b51d431df5d7f141cbececcf79edf3dd861c3b4
call_2336,media,0.222,Base,1479,0xb17ef6d19c7a5b1ee83b907c595526dcb1eb06db
call_2337,data,0.256,Solana,356,0x19581e27de7ced00ff1ce50b2047e7a567c76b1c
call_2338,reasoning,0.236,Solana,1074,0x9f14025af0065b30e47e23ebb3b491d39ae8ed17
call_2339,reasoning,0.2331,Solana,643,0x4e07408562bedb8b60ce05c1decfe3ad16b72230
call_2340,reasoning,0.2728,Solana,816,0xe29c9c180c6279b0b02abd6a1801c7c04082cf48
call_2341,reasoning,0.2634,Solana,779,0x624b60c58c9d8bfb6ff1886c2fd605d2adeb6ea4
call_2342,media,0.2978,Solana,1210,0x0e17daca5f3e175f448bacace3bc0da47d0655a7
call_2343,reasoning,0.2139,Base,791,0x6b51d431df5d7f141cbececcf79edf3dd861c3b4
call_2344,reasoning,0.2757,Solana,876,0x3d914f9348c9cc0ff8a79716700b9fcd4d2f3e71
call_2345,search,0.2604,Base,723,0x4ec9599fc203d176a301536c2e091a19bc852759
call_2346,trading,0.2676,Solana,196,0x76a50887d8f1c2e9301755428990ad81479ee21c
call_2347,reasoning,0.2341,Base,706,0xd59eced1ded07f84c145592f65bdf854358e009c
call_2348,search,0.2186,Solana,620,0x4a44dc15364204a80fe80e9039455cc160828182
call_2349,media,0.3066,Base,1650,0xb7a56873cd771f2c446d369b649430b65a756ba2
call_2350,data,0.2352,Solana,367,0x785f3ec7eb32f30b90cd0fcf3657d388b5ff4297
call_2351,media,0.2539,Solana,1823,0x76a50887d8f1c2e9301755428990ad81479ee21c
call_2352,trading,0.2499,Solana,320,0xb7a56873cd771f2c446d369b649430b65a756ba2
call_2353,reasoning,0.2679,Solana,954,0xe7f6c011776e8db7cd330b54174fd76f7d0216b6
call_2354,search,0.2335,Solana,587,0x44cb730c420480a0477b505ae68af508fb90f96c
call_2355,reasoning,0.2562,Solana,964,0x624b60c58c9d8bfb6ff1886c2fd605d2adeb6ea4
call_2356,media,0.3064,Solana,1780,0xc6f3ac57944a531490cd39902d0f777715fd005e
call_2357,reasoning,0.2674,Solana,874,0xe29c9c180c6279b0b02abd6a1801c7c04082cf48
call_2358,reasoning,0.263,Base,978,0x0b918943df0962bc7a1824c0555a389347b4febd
call_2359,reasoning,0.2418,Solana,681,0x6b86b273ff34fce19d6b804eff5a3f5747ada4ea
call_2360,media,0.2797,Solana,1735,0x76a50887d8f1c2e9301755428990ad81479ee21c
call_2361,reasoning,0.2258,Base,1047,0xc2356069e9d1e79ca924378153cfbbfb4d4416b1
call_2362,data,0.241,Base,447,0xc2356069e9d1e79ca924378153cfbbfb4d4416b1
call_2363,infrastructure,0.2546,Solana,366,0x44cb730c420480a0477b505ae68af508fb90f96c
call_2364,data,0.2965,Base,300,0x0b918943df0962bc7a1824c0555a389347b4febd
call_2365,reasoning,0.234,Solana,806,0x59e19706d51d39f66711c2653cd7eb1291c94d9b
call_2366,media,0.3082,Base,2005,0x19581e27de7ced00ff1ce50b2047e7a567c76b1c
call_2367,infrastructure,0.2743,Solana,362,0xf5ca38f748a1d6eaf726b8a42fb575c3c71f1864
call_2368,social,0.2422,Base,533,0x4fc82b26aecb47d2868c4efbe3581732a3e7cbcc
call_2369,data,0.2533,Base,507,0x535fa30d7e25dd8a49f1536779734ec8286108d1
call_2370,data,0.2647,Base,384,0xb17ef6d19c7a5b1ee83b907c595526dcb1eb06db
call_2371,social,0.208,Base,599,0x44cb730c420480a0477b505ae68af508fb90f96c
call_2372,media,0.2747,Solana,2050,0xc2356069e9d1e79ca924378153cfbbfb4d4416b1
call_2373,reasoning,0.2399,Solana,757,0x8527a891e224136950ff32ca212b45bc93f69fbb
call_2374,data,0.2614,Solana,406,0x3d914f9348c9cc0ff8a79716700b9fcd4d2f3e71
call_2375,reasoning,0.2683,Solana,715,0x4e07408562bedb8b60ce05c1decfe3ad16b72230
call_2376,reasoning,0.2168,Solana,905,0xe7f6c011776e8db7cd330b54174fd76f7d0216b6
call_2377,media,0.2586,Base,1391,0xe29c9c180c6279b0b02abd6a1801c7c04082cf48
call_2378,data,0.2159,Solana,382,0x31489056e0916d59fe3add79e63f095af3ffb816
call_2379,reasoning,0.2704,Solana,560,0x7902699be42c8a8e46fbbb4501726517e86b22c5
call_2380,data,0.2243,Base,463,0x8527a891e224136950ff32ca212b45bc93f69fbb
call_2381,data,0.2418,Solana,429,0xb17ef6d19c7a5b1ee83b907c595526dcb1eb06db
call_2382,media,0.2883,Base,1606,0x670671cd97404156226e507973f2ab8330d3022c
call_2383,reasoning,0.2693,Base,773,0x98010bd9270f9b100b6214a21754fd33bdc8d41b
call_2384,search,0.2164,Solana,513,0x4ec9599fc203d176a301536c2e091a19bc852759
call_2385,media,0.2081,Base,1788,0xeb1e33e8a81b697b75855af6bfcdbcbf7cbbde9f
call_2386,search,0.2178,Solana,638,0x25fc0e7096fc653718202dc30b0c580b8ab87eac
call_2387,data,0.2632,Solana,490,0x5f9c4ab08cac7457e9111a30e4664920607ea2c1
call_2388,reasoning,0.2475,Solana,943,0x811786ad1ae74adfdd20dd0372abaaebc6246e34
call_2389,data,0.2594,Base,412,0x4523540f1504cd17100c4835e85b7eefd4991158
call_2390,data,0.2429,Base,452,0x4fc82b26aecb47d2868c4efbe3581732a3e7cbcc
call_2391,media,0.2377,Base,2083,0xe29c9c180c6279b0b02abd6a1801c7c04082cf48
call_2392,reasoning,0.2772,Base,952,0x3d914f9348c9cc0ff8a79716700b9fcd4d2f3e71
call_2393,data,0.2713,Base,410,0x6b51d431df5d7f141cbececcf79edf3dd861c3b4
call_2394,search,0.2695,Base,655,0x44cb730c420480a0477b505ae68af508fb90f96c
call_2395,data,0.3188,Base,421,0x7a61b53701befdae0eeeffaecc73f14e20b537bb
call_2396,reasoning,0.2712,Solana,1008,0xe629fa6598d732768f7c726b4b621285f9c3b853
call_2397,trading,0.2478,Base,296,0x98010bd9270f9b100b6214a21754fd33bdc8d41b
call_2398,reasoning,0.2344,Base,847,0xe7f6c011776e8db7cd330b54174fd76f7d0216b6
call_2399,reasoning,0.2708,Base,795,0xd59eced1ded07f84c145592f65bdf854358e009c
call_2400,infrastructure,0.2755,Solana,426,0x3d914f9348c9cc0ff8a79716700b9fcd4d2f3e71
call_2401,media,0.2784,Base,1290,0xeb1e33e8a81b697b75855af6bfcdbcbf7cbbde9f
call_2402,search,0.2406,Solana,534,0xeb1e33e8a81b697b75855af6bfcdbcbf7cbbde9f
call_2403,search,0.2709,Base,544,0xf5ca38f748a1d6eaf726b8a42fb575c3c71f1864
call_2404,infrastructure,0.2528,Base,251,0x59e19706d51d39f66711c2653cd7eb1291c94d9b
call_2405,search,0.267,Base,603,0x811786ad1ae74adfdd20dd0372abaaebc6246e34
call_2406,search,0.2956,Solana,610,0x7902699be42c8a8e46fbbb4501726517e86b22c5
call_2407,media,0.2941,Base,1242,0x785f3ec7eb32f30b90cd0fcf3657d388b5ff4297
call_2408,infrastructure,0.2963,Base,312,0x31489056e0916d59fe3add79e63f095af3ffb816
call_2409,reasoning,0.2493,Base,959,0x670671cd97404156226e507973f2ab8330d3022c
call_2410,infrastructure,0.3134,Solana,311,0xaea92132c4cbeb263e6ac2bf6c183b5d81737f17
call_2411,data,0.2719,Base,493,0x25fc0e7096fc653718202dc30b0c580b8ab87eac
call_2412,media,0.2892,Solana,1631,0x0e17daca5f3e175f448bacace3bc0da47d0655a7
call_2413,infrastructure,0.2894,Solana,355,0x3fdba35f04dc8c462986c992bcf8755462571130
call_2414,infrastructure,0.2733,Base,298,0x811786ad1ae74adfdd20dd0372abaaebc6246e34
call_2415,data,0.2754,Solana,447,0x4b227777d4dd1fc61c6f884f48641d02b4d121d3
call_2416,reasoning,0.2547,Solana,825,0x4523540f1504cd17100c4835e85b7eefd4991158
call_2417,reasoning,0.1975,Solana,465,0x59e19706d51d39f66711c2653cd7eb1291c94d9b
call_2418,search,0.2126,Solana,624,0xeb1e33e8a81b697b75855af6bfcdbcbf7cbbde9f
call_2419,social,0.2017,Solana,491,0x19581e27de7ced00ff1ce50b2047e7a567c76b1c
call_2420,search,0.2306,Solana,613,0x25fc0e7096fc653718202dc30b0c580b8ab87eac
call_2421,search,0.198,Solana,671,0xd59eced1ded07f84c145592f65bdf854358e009c
call_2422,social,0.2,Solana,642,0x4523540f1504cd17100c4835e85b7eefd4991158
call_2423,reasoning,0.2772,Solana,725,0x0e17daca5f3e175f448bacace3bc0da47d0655a7
call_2424,reasoning,0.259,Solana,680,0x6f4b6612125fb3a0daecd2799dfd6c9c299424fd
call_2425,trading,0.2933,Solana,326,0x670671cd97404156226e507973f2ab8330d3022c
call_2426,social,0.262,Base,629,0xd4735e3a265e16eee03f59718b9b5d03019c07d8
call_2427,reasoning,0.2733,Solana,781,0x3fdba35f04dc8c462986c992bcf8755462571130
call_2428,data,0.2234,Solana,452,0x25fc0e7096fc653718202dc30b0c580b8ab87eac
call_2429,trading,0.3188,Base,188,0x25fc0e7096fc653718202dc30b0c580b8ab87eac
call_2430,search,0.2425,Base,682,0xeb1e33e8a81b697b75855af6bfcdbcbf7cbbde9f
call_2431,reasoning,0.2516,Solana,1063,0x9400f1b21cb527d7fa3d3eabba93557a18ebe7a2
call_2432,reasoning,0.2241,Base,975,0x6f4b6612125fb3a0daecd2799dfd6c9c299424fd
call_2433,infrastructure,0.245,Solana,314,0xe7f6c011776e8db7cd330b54174fd76f7d0216b6
call_2434,reasoning,0.241,Solana,749,0x6b51d431df5d7f141cbececcf79edf3dd861c3b4
call_2435,data,0.2378,Solana,410,0x6f4b6612125fb3a0daecd2799dfd6c9c299424fd
call_2436,social,0.2107,Base,425,0xe7f6c011776e8db7cd330b54174fd76f7d0216b6
call_2437,reasoning,0.256,Solana,1079,0x4a44dc15364204a80fe80e9039455cc160828182
call_2438,media,0.2494,Base,1946,0xc6f3ac57944a531490cd39902d0f777715fd005e
call_2439,trading,0.2577,Solana,270,0x535fa30d7e25dd8a49f1536779734ec8286108d1
call_2440,data,0.1965,Base,404,0x624b60c58c9d8bfb6ff1886c2fd605d2adeb6ea4
call_2441,reasoning,0.2698,Solana,890,0x670671cd97404156226e507973f2ab8330d3022c
call_2442,data,0.2827,Solana,366,0x2c624232cdd221771294dfbb310aca000a0df6ac
call_2443,media,0.2181,Solana,1735,0x3fdba35f04dc8c462986c992bcf8755462571130
call_2444,data,0.3027,Solana,415,0x535fa30d7e25dd8a49f1536779734ec8286108d1
call_2445,reasoning,0.2674,Solana,854,0x785f3ec7eb32f30b90cd0fcf3657d388b5ff4297
call_2446,data,0.2577,Solana,433,0x19581e27de7ced00ff1ce50b2047e7a567c76b1c
call_2447,data,0.2762,Solana,553,0xb7a56873cd771f2c446d369b649430b65a756ba2
call_2448,data,0.2647,Solana,298,0xb17ef6d19c7a5b1ee83b907c595526dcb1eb06db
call_2449,reasoning,0.2446,Solana,940,0x4ec9599fc203d176a301536c2e091a19bc852759
call_2450,infrastructure,0.3059,Base,359,0xd59eced1ded07f84c145592f65bdf854358e009c
call_2451,reasoning,0.2889,Solana,925,0xef2d127de37b942baad06145e54b0c619a1f2232
call_2452,reasoning,0.2366,Base,634,0xd4735e3a265e16eee03f59718b9b5d03019c07d8
call_2453,reasoning,0.2405,Base,827,0x4ec9599fc203d176a301536c2e091a19bc852759
call_2454,search,0.2706,Solana,553,0x6b51d431df5d7f141cbececcf79edf3dd861c3b4
call_2455,social,0.2152,Base,493,0x4a44dc15364204a80fe80e9039455cc160828182
call_2456,reasoning,0.2677,Solana,741,0x76a50887d8f1c2e9301755428990ad81479ee21c
call_2457,reasoning,0.2459,Solana,599,0x86e50149658661312a9e0b35558d84f6c6d3da79
call_2458,search,0.2559,Solana,716,0x4b227777d4dd1fc61c6f884f48641d02b4d121d3
call_2459,data,0.2769,Solana,362,0x44cb730c420480a0477b505ae68af508fb90f96c
call_2460,reasoning,0.2418,Solana,721,0x624b60c58c9d8bfb6ff1886c2fd605d2adeb6ea4
call_2461,reasoning,0.2585,Solana,790,0x670671cd97404156226e507973f2ab8330d3022c
call_2462,data,0.2588,Solana,467,0x6b51d431df5d7f141cbececcf79edf3dd861c3b4
call_2463,media,0.2729,Base,1160,0x3fdba35f04dc8c462986c992bcf8755462571130
call_2464,reasoning,0.2996,Base,606,0x19581e27de7ced00ff1ce50b2047e7a567c76b1c
call_2465,media,0.2822,Base,1253,0x6b86b273ff34fce19d6b804eff5a3f5747ada4ea
call_2466,media,0.2022,Solana,1670,0x5f9c4ab08cac7457e9111a30e4664920607ea2c1
call_2467,search,0.2729,Base,717,0x31489056e0916d59fe3add79e63f095af3ffb816
call_2468,social,0.2416,Solana,517,0xef2d127de37b942baad06145e54b0c619a1f2232
call_2469,data,0.2459,Base,331,0x2c624232cdd221771294dfbb310aca000a0df6ac
call_2470,reasoning,0.244,Solana,719,0xef2d127de37b942baad06145e54b0c619a1f2232
call_2471,search,0.2206,Base,386,0x0e17daca5f3e175f448bacace3bc0da47d0655a7
call_2472,search,0.2691,Solana,724,0x73475cb40a568e8da8a045ced110137e159f890a
call_2473,search,0.2408,Base,669,0x624b60c58c9d8bfb6ff1886c2fd605d2adeb6ea4
call_2474,media,0.2363,Base,1369,0x5f9c4ab08cac7457e9111a30e4664920607ea2c1
call_2475,data,0.2499,Base,438,0xef2d127de37b942baad06145e54b0c619a1f2232
call_2476,reasoning,0.2118,Base,895,0xd59eced1ded07f84c145592f65bdf854358e009c
call_2477,reasoning,0.2911,Base,1084,0x76a50887d8f1c2e9301755428990ad81479ee21c
call_2478,social,0.2198,Base,531,0x35135aaa6cc23891b40cb3f378c53a17a1127210
call_2479,reasoning,0.228,Base,784,0xf5ca38f748a1d6eaf726b8a42fb575c3c71f1864
call_2480,reasoning,0.2605,Base,957,0x4a44dc15364204a80fe80e9039455cc160828182
call_2481,reasoning,0.2889,Base,820,0x6b51d431df5d7f141cbececcf79edf3dd861c3b4
call_2482,reasoning,0.2793,Solana,973,0x6f4b6612125fb3a0daecd2799dfd6c9c299424fd
call_2483,reasoning,0.2981,Solana,942,0xd59eced1ded07f84c145592f65bdf854358e009c
call_2484,data,0.281,Base,516,0x31489056e0916d59fe3add79e63f095af3ffb816
call_2485,reasoning,0.2696,Solana,1153,0x1a6562590ef19d1045d06c4055742d38288e9e6d
call_2486,social,0.2003,Solana,500,0x7a61b53701befdae0eeeffaecc73f14e20b537bb
call_2487,trading,0.2919,Solana,328,0x3fdba35f04dc8c462986c992bcf8755462571130
call_2488,reasoning,0.2499,Base,866,0x35135aaa6cc23891b40cb3f378c53a17a1127210
call_2489,data,0.2191,Base,383,0x71ee45a3c0db9a9865f7313dd3372cf60dca6479
call_2490,reasoning,0.2944,Solana,855,0xe7f6c011776e8db7cd330b54174fd76f7d0216b6
call_2491,reasoning,0.2607,Solana,710,0x5f9c4ab08cac7457e9111a30e4664920607ea2c1
call_2492,reasoning,0.2284,Base,888,0x44cb730c420480a0477b505ae68af508fb90f96c
call_2493,social,0.3073,Solana,595,0xe29c9c180c6279b0b02abd6a1801c7c04082cf48
call_2494,data,0.2839,Base,439,0x6f4b6612125fb3a0daecd2799dfd6c9c299424fd
call_2495,data,0.254,Solana,442,0x8527a891e224136950ff32ca212b45bc93f69fbb
call_2496,data,0.2407,Solana,340,0x4a44dc15364204a80fe80e9039455cc160828182
call_2497,search,0.2219,Solana,540,0xef2d127de37b942baad06145e54b0c619a1f2232
call_2498,data,0.2418,Base,415,0x4e07408562bedb8b60ce05c1decfe3ad16b72230
call_2499,reasoning,0.2558,Base,866,0xd59eced1ded07f84c145592f65bdf854358e009c
call_2500,social,0.2693,Base,498,0xe7f6c011776e8db7cd330b54174fd76f7d0216b6
call_2501,media,0.2905,Solana,1880,0xc2356069e9d1e79ca924378153cfbbfb4d4416b1
call_2502,search,0.2753,Base,693,0xe29c9c180c6279b0b02abd6a1801c7c04082cf48
call_2503,trading,0.2474,Solana,262,0x7902699be42c8a8e46fbbb4501726517e86b22c5
call_2504,media,0.2524,Base,1718,0xb17ef6d19c7a5b1ee83b907c595526dcb1eb06db
call_2505,data,0.2432,Base,372,0x4523540f1504cd17100c4835e85b7eefd4991158
call_2506,search,0.2332,Base,654,0x2c624232cdd221771294dfbb310aca000a0df6ac
call_2507,data,0.2162,Solana,392,0x670671cd97404156226e507973f2ab8330d3022c
call_2508,social,0.1959,Solana,487,0x86e50149658661312a9e0b35558d84f6c6d3da79
call_2509,search,0.2297,Base,595,0x31489056e0916d59fe3add79e63f095af3ffb816
call_2510,data,0.2333,Solana,330,0xeb1e33e8a81b697b75855af6bfcdbcbf7cbbde9f
call_2511,reasoning,0.2384,Solana,730,0x4a44dc15364204a80fe80e9039455cc160828182
call_2512,infrastructure,0.2135,Solana,345,0x59e19706d51d39f66711c2653cd7eb1291c94d9b
call_2513,infrastructure,0.3241,Solana,381,0x31489056e0916d59fe3add79e63f095af3ffb816
call_2514,reasoning,0.2791,Base,656,0x7902699be42c8a8e46fbbb4501726517e86b22c5
call_2515,reasoning,0.2564,Base,846,0xb7a56873cd771f2c446d369b649430b65a756ba2
call_2516,social,0.2505,Base,575,0x7a61b53701befdae0eeeffaecc73f14e20b537bb
call_2517,reasoning,0.2513,Base,915,0x4e07408562bedb8b60ce05c1decfe3ad16b72230
call_2518,reasoning,0.2282,Base,879,0x8527a891e224136950ff32ca212b45bc93f69fbb
call_2519,search,0.2374,Solana,662,0x4ec9599fc203d176a301536c2e091a19bc852759
call_2520,trading,0.165,Solana,265,0x73475cb40a568e8da8a045ced110137e159f890a
call_2521,reasoning,0.2801,Solana,787,0x86e50149658661312a9e0b35558d84f6c6d3da79
call_2522,data,0.2411,Base,426,0x6b86b273ff34fce19d6b804eff5a3f5747ada4ea
call_2523,social,0.2753,Base,475,0x4a44dc15364204a80fe80e9039455cc160828182
call_2524,search,0.2486,Base,474,0x3d914f9348c9cc0ff8a79716700b9fcd4d2f3e71
call_2525,reasoning,0.2744,Base,875,0x0e17daca5f3e175f448bacace3bc0da47d0655a7
call_2526,search,0.2107,Solana,464,0x44cb730c420480a0477b505ae68af508fb90f96c
call_2527,reasoning,0.2269,Solana,752,0x4b227777d4dd1fc61c6f884f48641d02b4d121d3
call_2528,social,0.1771,Base,683,0x98010bd9270f9b100b6214a21754fd33bdc8d41b
call_2529,reasoning,0.2449,Solana,895,0x44cb730c420480a0477b505ae68af508fb90f96c
call_2530,reasoning,0.1932,Base,803,0x9400f1b21cb527d7fa3d3eabba93557a18ebe7a2
call_2531,data,0.2379,Solana,355,0x3d914f9348c9cc0ff8a79716700b9fcd4d2f3e71
call_2532,reasoning,0.2156,Solana,847,0x811786ad1ae74adfdd20dd0372abaaebc6246e34
call_2533,reasoning,0.2385,Solana,581,0x19581e27de7ced00ff1ce50b2047e7a567c76b1c
call_2534,reasoning,0.2298,Base,793,0x7902699be42c8a8e46fbbb4501726517e86b22c5
call_2535,reasoning,0.2783,Base,879,0x0e17daca5f3e175f448bacace3bc0da47d0655a7
call_2536,reasoning,0.2444,Base,986,0x71ee45a3c0db9a9865f7313dd3372cf60dca6479
call_2537,search,0.2463,Solana,719,0x0b918943df0962bc7a1824c0555a389347b4febd
call_2538,reasoning,0.2074,Base,646,0x4e07408562bedb8b60ce05c1decfe3ad16b72230
call_2539,data,0.2408,Solana,463,0x25fc0e7096fc653718202dc30b0c580b8ab87eac
call_2540,reasoning,0.247,Base,1013,0x44cb730c420480a0477b505ae68af508fb90f96c
call_2541,media,0.2816,Base,2023,0x3fdba35f04dc8c462986c992bcf8755462571130
call_2542,reasoning,0.2255,Base,818,0xc6f3ac57944a531490cd39902d0f777715fd005e
call_2543,search,0.2552,Solana,745,0x8527a891e224136950ff32ca212b45bc93f69fbb
call_2544,media,0.2281,Base,1476,0x76a50887d8f1c2e9301755428990ad81479ee21c
call_2545,reasoning,0.2439,Base,744,0x76a50887d8f1c2e9301755428990ad81479ee21c
call_2546,data,0.2798,Solana,445,0x7a61b53701befdae0eeeffaecc73f14e20b537bb
call_2547,data,0.2602,Base,395,0x9f14025af0065b30e47e23ebb3b491d39ae8ed17
call_2548,reasoning,0.2614,Solana,900,0x4523540f1504cd17100c4835e85b7eefd4991158
call_2549,search,0.2025,Solana,597,0x19581e27de7ced00ff1ce50b2047e7a567c76b1c
call_2550,search,0.3065,Base,438,0x0e17daca5f3e175f448bacace3bc0da47d0655a7
call_2551,data,0.2889,Solana,433,0xe29c9c180c6279b0b02abd6a1801c7c04082cf48
call_2552,reasoning,0.2521,Solana,761,0x6f4b6612125fb3a0daecd2799dfd6c9c299424fd
call_2553,reasoning,0.2722,Base,844,0x0e17daca5f3e175f448bacace3bc0da47d0655a7
call_2554,reasoning,0.28,Base,814,0x1a6562590ef19d1045d06c4055742d38288e9e6d
call_2555,reasoning,0.2493,Solana,675,0x4fc82b26aecb47d2868c4efbe3581732a3e7cbcc
call_2556,search,0.2147,Base,577,0x6b51d431df5d7f141cbececcf79edf3dd861c3b4
call_2557,reasoning,0.2428,Solana,1068,0x5f9c4ab08cac7457e9111a30e4664920607ea2c1
call_2558,data,0.2644,Base,466,0x4ec9599fc203d176a301536c2e091a19bc852759
call_2559,reasoning,0.2007,Solana,766,0x624b60c58c9d8bfb6ff1886c2fd605d2adeb6ea4
call_2560,data,0.2175,Base,404,0x86e50149658661312a9e0b35558d84f6c6d3da79
call_2561,data,0.239,Solana,342,0xe629fa6598d732768f7c726b4b621285f9c3b853
call_2562,search,0.2703,Solana,575,0x0e17daca5f3e175f448bacace3bc0da47d0655a7
call_2563,media,0.302,Base,1436,0x4ec9599fc203d176a301536c2e091a19bc852759
call_2564,social,0.2732,Solana,546,0x4523540f1504cd17100c4835e85b7eefd4991158
call_2565,media,0.311,Base,1424,0x5f9c4ab08cac7457e9111a30e4664920607ea2c1
call_2566,reasoning,0.2153,Base,767,0xc6f3ac57944a531490cd39902d0f777715fd005e
call_2567,reasoning,0.2523,Solana,895,0x3d914f9348c9cc0ff8a79716700b9fcd4d2f3e71
call_2568,social,0.2071,Base,596,0x76a50887d8f1c2e9301755428990ad81479ee21c
call_2569,media,0.2586,Base,1779,0x5f9c4ab08cac7457e9111a30e4664920607ea2c1
call_2570,reasoning,0.2764,Base,850,0x4fc82b26aecb47d2868c4efbe3581732a3e7cbcc
call_2571,data,0.2377,Solana,363,0x7902699be42c8a8e46fbbb4501726517e86b22c5
call_2572,social,0.2132,Solana,519,0x44cb730c420480a0477b505ae68af508fb90f96c
call_2573,media,0.2404,Base,2078,0xeb1e33e8a81b697b75855af6bfcdbcbf7cbbde9f
call_2574,reasoning,0.228,Solana,923,0x8527a891e224136950ff32ca212b45bc93f69fbb
call_2575,search,0.1885,Solana,641,0xd59eced1ded07f84c145592f65bdf854358e009c
call_2576,data,0.2775,Solana,452,0x4fc82b26aecb47d2868c4efbe3581732a3e7cbcc
call_2577,reasoning,0.2699,Solana,896,0x25fc0e7096fc653718202dc30b0c580b8ab87eac
call_2578,reasoning,0.2186,Solana,945,0x4e07408562bedb8b60ce05c1decfe3ad16b72230
call_2579,reasoning,0.2001,Solana,771,0x4e07408562bedb8b60ce05c1decfe3ad16b72230
call_2580,data,0.2281,Base,498,0xef2d127de37b942baad06145e54b0c619a1f2232
call_2581,reasoning,0.2853,Solana,909,0xe7f6c011776e8db7cd330b54174fd76f7d0216b6
call_2582,social,0.2405,Base,386,0x4a44dc15364204a80fe80e9039455cc160828182
call_2583,social,0.2503,Solana,420,0x811786ad1ae74adfdd20dd0372abaaebc6246e34
call_2584,search,0.2143,Solana,566,0x9400f1b21cb527d7fa3d3eabba93557a18ebe7a2
call_2585,reasoning,0.2458,Base,901,0x2c624232cdd221771294dfbb310aca000a0df6ac
call_2586,reasoning,0.2531,Base,1171,0x2c624232cdd221771294dfbb310aca000a0df6ac
call_2587,media,0.283,Solana,1428,0x9400f1b21cb527d7fa3d3eabba93557a18ebe7a2
call_2588,data,0.2576,Base,484,0x98010bd9270f9b100b6214a21754fd33bdc8d41b
call_2589,data,0.2582,Solana,431,0x5f9c4ab08cac7457e9111a30e4664920607ea2c1
call_2590,media,0.2678,Base,1617,0x4b227777d4dd1fc61c6f884f48641d02b4d121d3
call_2591,data,0.2517,Solana,451,0xb7a56873cd771f2c446d369b649430b65a756ba2
call_2592,reasoning,0.249,Base,1061,0x6b51d431df5d7f141cbececcf79edf3dd861c3b4
call_2593,infrastructure,0.2811,Solana,353,0x6b86b273ff34fce19d6b804eff5a3f5747ada4ea
call_2594,media,0.2665,Base,1666,0x9f14025af0065b30e47e23ebb3b491d39ae8ed17
call_2595,search,0.2517,Solana,732,0x0e17daca5f3e175f448bacace3bc0da47d0655a7
call_2596,reasoning,0.2301,Base,970,0xc6f3ac57944a531490cd39902d0f777715fd005e
call_2597,data,0.2583,Solana,388,0x811786ad1ae74adfdd20dd0372abaaebc6246e34
call_2598,search,0.2773,Solana,665,0x6f4b6612125fb3a0daecd2799dfd6c9c299424fd
call_2599,media,0.2734,Solana,1343,0x670671cd97404156226e507973f2ab8330d3022c
call_2600,data,0.2722,Base,505,0x0e17daca5f3e175f448bacace3bc0da47d0655a7
call_2601,search,0.2492,Base,661,0x0e17daca5f3e175f448bacace3bc0da47d0655a7
call_2602,search,0.2808,Solana,590,0x535fa30d7e25dd8a49f1536779734ec8286108d1
call_2603,media,0.2473,Base,1281,0x31489056e0916d59fe3add79e63f095af3ffb816
call_2604,reasoning,0.2505,Solana,766,0x3fdba35f04dc8c462986c992bcf8755462571130
call_2605,data,0.2447,Solana,343,0x811786ad1ae74adfdd20dd0372abaaebc6246e34
call_2606,media,0.2738,Solana,1709,0x31489056e0916d59fe3add79e63f095af3ffb816
call_2607,media,0.2858,Base,1373,0x73475cb40a568e8da8a045ced110137e159f890a
call_2608,data,0.2625,Base,393,0x0b918943df0962bc7a1824c0555a389347b4febd
call_2609,reasoning,0.2271,Base,892,0xc2356069e9d1e79ca924378153cfbbfb4d4416b1
call_2610,reasoning,0.266,Solana,631,0xb17ef6d19c7a5b1ee83b907c595526dcb1eb06db
call_2611,infrastructure,0.3804,Solana,393,0x73475cb40a568e8da8a045ced110137e159f890a
call_2612,search,0.2679,Base,505,0x4ec9599fc203d176a301536c2e091a19bc852759
call_2613,media,0.3042,Solana,1633,0x5f9c4ab08cac7457e9111a30e4664920607ea2c1
call_2614,search,0.2212,Solana,551,0x9400f1b21cb527d7fa3d3eabba93557a18ebe7a2
call_2615,media,0.2322,Solana,1811,0x0b918943df0962bc7a1824c0555a389347b4febd
call_2616,data,0.2908,Solana,356,0xb17ef6d19c7a5b1ee83b907c595526dcb1eb06db
call_2617,reasoning,0.2773,Solana,875,0x59e19706d51d39f66711c2653cd7eb1291c94d9b
call_2618,reasoning,0.2517,Base,849,0xd59eced1ded07f84c145592f65bdf854358e009c
call_2619,infrastructure,0.296,Base,387,0xe629fa6598d732768f7c726b4b621285f9c3b853
call_2620,reasoning,0.2211,Solana,615,0xe629fa6598d732768f7c726b4b621285f9c3b853
call_2621,data,0.2183,Solana,431,0x4ec9599fc203d176a301536c2e091a19bc852759
call_2622,reasoning,0.204,Solana,925,0x31489056e0916d59fe3add79e63f095af3ffb816
call_2623,media,0.3378,Solana,1419,0x1a6562590ef19d1045d06c4055742d38288e9e6d
call_2624,search,0.2408,Base,494,0x9f14025af0065b30e47e23ebb3b491d39ae8ed17
call_2625,data,0.2226,Solana,453,0x6f4b6612125fb3a0daecd2799dfd6c9c299424fd
call_2626,media,0.2792,Solana,1661,0xd59eced1ded07f84c145592f65bdf854358e009c
call_2627,media,0.2675,Solana,1360,0xc6f3ac57944a531490cd39902d0f777715fd005e
call_2628,reasoning,0.2163,Solana,789,0x535fa30d7e25dd8a49f1536779734ec8286108d1
call_2629,reasoning,0.2768,Base,802,0xaea92132c4cbeb263e6ac2bf6c183b5d81737f17
call_2630,data,0.281,Solana,411,0x44cb730c420480a0477b505ae68af508fb90f96c
call_2631,reasoning,0.2537,Base,738,0xf5ca38f748a1d6eaf726b8a42fb575c3c71f1864
call_2632,search,0.2044,Base,615,0x19581e27de7ced00ff1ce50b2047e7a567c76b1c
call_2633,search,0.2242,Base,637,0x3d914f9348c9cc0ff8a79716700b9fcd4d2f3e71
call_2634,reasoning,0.2661,Base,975,0x0b918943df0962bc7a1824c0555a389347b4febd
call_2635,reasoning,0.2301,Base,920,0xc6f3ac57944a531490cd39902d0f777715fd005e
call_2636,data,0.2369,Base,525,0x811786ad1ae74adfdd20dd0372abaaebc6246e34
call_2637,reasoning,0.2631,Base,650,0xe29c9c180c6279b0b02abd6a1801c7c04082cf48
call_2638,media,0.2572,Solana,1626,0x31489056e0916d59fe3add79e63f095af3ffb816
call_2639,data,0.2516,Base,452,0x25fc0e7096fc653718202dc30b0c580b8ab87eac
call_2640,search,0.1863,Base,636,0x6f4b6612125fb3a0daecd2799dfd6c9c299424fd
call_2641,reasoning,0.234,Base,721,0x670671cd97404156226e507973f2ab8330d3022c
call_2642,infrastructure,0.2574,Solana,278,0x6b51d431df5d7f141cbececcf79edf3dd861c3b4
call_2643,reasoning,0.2441,Base,768,0x535fa30d7e25dd8a49f1536779734ec8286108d1
call_2644,trading,0.3083,Base,333,0x4e07408562bedb8b60ce05c1decfe3ad16b72230
call_2645,reasoning,0.2893,Base,935,0x86e50149658661312a9e0b35558d84f6c6d3da79
call_2646,media,0.2802,Base,1217,0xc6f3ac57944a531490cd39902d0f777715fd005e
call_2647,data,0.2255,Solana,419,0x7902699be42c8a8e46fbbb4501726517e86b22c5
call_2648,reasoning,0.2725,Solana,829,0x2c624232cdd221771294dfbb310aca000a0df6ac
call_2649,search,0.235,Solana,714,0x59e19706d51d39f66711c2653cd7eb1291c94d9b
call_2650,reasoning,0.2253,Solana,761,0x31489056e0916d59fe3add79e63f095af3ffb816
call_2651,data,0.2639,Solana,368,0x624b60c58c9d8bfb6ff1886c2fd605d2adeb6ea4
call_2652,reasoning,0.2347,Solana,770,0x2c624232cdd221771294dfbb310aca000a0df6ac
call_2653,data,0.2616,Solana,411,0x4e07408562bedb8b60ce05c1decfe3ad16b72230
call_2654,search,0.1939,Base,671,0xe7f6c011776e8db7cd330b54174fd76f7d0216b6
call_2655,data,0.2572,Base,307,0x98010bd9270f9b100b6214a21754fd33bdc8d41b
call_2656,search,0.2236,Base,448,0xc6f3ac57944a531490cd39902d0f777715fd005e
call_2657,data,0.2208,Solana,470,0x4a44dc15364204a80fe80e9039455cc160828182
call_2658,data,0.2596,Base,418,0x7902699be42c8a8e46fbbb4501726517e86b22c5
call_2659,media,0.2596,Solana,1719,0x76a50887d8f1c2e9301755428990ad81479ee21c
call_2660,reasoning,0.2666,Base,840,0x2c624232cdd221771294dfbb310aca000a0df6ac
call_2661,reasoning,0.2581,Base,1179,0xe29c9c180c6279b0b02abd6a1801c7c04082cf48
call_2662,reasoning,0.2882,Base,700,0xf5ca38f748a1d6eaf726b8a42fb575c3c71f1864
call_2663,data,0.2458,Solana,327,0x1a6562590ef19d1045d06c4055742d38288e9e6d
call_2664,media,0.3138,Base,1508,0xc6f3ac57944a531490cd39902d0f777715fd005e
call_2665,data,0.2604,Base,277,0x98010bd9270f9b100b6214a21754fd33bdc8d41b
call_2666,reasoning,0.2473,Base,646,0xe29c9c180c6279b0b02abd6a1801c7c04082cf48
call_2667,data,0.2437,Solana,430,0x535fa30d7e25dd8a49f1536779734ec8286108d1
call_2668,search,0.2665,Base,569,0x1a6562590ef19d1045d06c4055742d38288e9e6d
call_2669,social,0.2487,Base,451,0xef2d127de37b942baad06145e54b0c619a1f2232
call_2670,social,0.2475,Solana,455,0x3d914f9348c9cc0ff8a79716700b9fcd4d2f3e71
call_2671,social,0.2438,Solana,519,0x31489056e0916d59fe3add79e63f095af3ffb816
call_2672,reasoning,0.254,Base,947,0x44cb730c420480a0477b505ae68af508fb90f96c
call_2673,search,0.2689,Base,582,0x535fa30d7e25dd8a49f1536779734ec8286108d1
call_2674,social,0.228,Base,641,0x811786ad1ae74adfdd20dd0372abaaebc6246e34
call_2675,social,0.2893,Solana,386,0xd4735e3a265e16eee03f59718b9b5d03019c07d8
call_2676,media,0.2631,Base,1190,0xd4735e3a265e16eee03f59718b9b5d03019c07d8
call_2677,reasoning,0.282,Base,970,0x4523540f1504cd17100c4835e85b7eefd4991158
call_2678,data,0.2963,Solana,397,0xeb1e33e8a81b697b75855af6bfcdbcbf7cbbde9f
call_2679,infrastructure,0.294,Solana,301,0x0b918943df0962bc7a1824c0555a389347b4febd
call_2680,data,0.2743,Solana,367,0x4523540f1504cd17100c4835e85b7eefd4991158
call_2681,media,0.3514,Base,1739,0xb7a56873cd771f2c446d369b649430b65a756ba2
call_2682,reasoning,0.2051,Base,811,0x19581e27de7ced00ff1ce50b2047e7a567c76b1c
call_2683,reasoning,0.2482,Base,591,0x59e19706d51d39f66711c2653cd7eb1291c94d9b
call_2684,reasoning,0.2397,Solana,829,0x2c624232cdd221771294dfbb310aca000a0df6ac
call_2685,search,0.2416,Solana,524,0x19581e27de7ced00ff1ce50b2047e7a567c76b1c
call_2686,data,0.3033,Solana,410,0xe29c9c180c6279b0b02abd6a1801c7c04082cf48
call_2687,reasoning,0.2257,Solana,922,0x19581e27de7ced00ff1ce50b2047e7a567c76b1c
call_2688,data,0.2283,Solana,306,0x4b227777d4dd1fc61c6f884f48641d02b4d121d3
call_2689,search,0.2455,Solana,758,0xeb1e33e8a81b697b75855af6bfcdbcbf7cbbde9f
call_2690,reasoning,0.2476,Solana,847,0x4b227777d4dd1fc61c6f884f48641d02b4d121d3
call_2691,media,0.2701,Base,1468,0x86e50149658661312a9e0b35558d84f6c6d3da79
call_2692,infrastructure,0.272,Base,331,0x4b227777d4dd1fc61c6f884f48641d02b4d121d3
call_2693,trading,0.2862,Base,271,0xef2d127de37b942baad06145e54b0c619a1f2232
call_2694,social,0.1959,Solana,614,0x5f9c4ab08cac7457e9111a30e4664920607ea2c1
call_2695,media,0.2818,Base,1831,0x71ee45a3c0db9a9865f7313dd3372cf60dca6479
call_2696,search,0.2465,Solana,641,0x7902699be42c8a8e46fbbb4501726517e86b22c5
call_2697,search,0.2416,Solana,532,0x9f14025af0065b30e47e23ebb3b491d39ae8ed17
call_2698,data,0.2108,Solana,479,0x6f4b6612125fb3a0daecd2799dfd6c9c299424fd
call_2699,reasoning,0.2525,Base,792,0x4e07408562bedb8b60ce05c1decfe3ad16b72230
call_2700,social,0.2046,Base,485,0x2c624232cdd221771294dfbb310aca000a0df6ac
call_2701,search,0.2621,Solana,570,0x785f3ec7eb32f30b90cd0fcf3657d388b5ff4297
call_2702,media,0.2993,Solana,1388,0x670671cd97404156226e507973f2ab8330d3022c
call_2703,reasoning,0.2515,Solana,691,0x2c624232cdd221771294dfbb310aca000a0df6ac
call_2704,infrastructure,0.2179,Solana,383,0x0b918943df0962bc7a1824c0555a389347b4febd
call_2705,reasoning,0.2507,Solana,875,0xb7a56873cd771f2c446d369b649430b65a756ba2
call_2706,reasoning,0.2216,Base,824,0x1a6562590ef19d1045d06c4055742d38288e9e6d
call_2707,data,0.2488,Solana,347,0x7902699be42c8a8e46fbbb4501726517e86b22c5
call_2708,reasoning,0.2767,Base,895,0x9400f1b21cb527d7fa3d3eabba93557a18ebe7a2
call_2709,infrastructure,0.3419,Solana,285,0x3d914f9348c9cc0ff8a79716700b9fcd4d2f3e71
call_2710,social,0.2556,Solana,564,0x9400f1b21cb527d7fa3d3eabba93557a18ebe7a2
call_2711,data,0.2455,Base,500,0x44cb730c420480a0477b505ae68af508fb90f96c
call_2712,reasoning,0.2643,Base,878,0xf5ca38f748a1d6eaf726b8a42fb575c3c71f1864
call_2713,media,0.268,Solana,1599,0x2c624232cdd221771294dfbb310aca000a0df6ac
call_2714,reasoning,0.2041,Solana,686,0xb17ef6d19c7a5b1ee83b907c595526dcb1eb06db
call_2715,search,0.2861,Solana,327,0x35135aaa6cc23891b40cb3f378c53a17a1127210
call_2716,data,0.2399,Solana,402,0x3d914f9348c9cc0ff8a79716700b9fcd4d2f3e71
call_2717,reasoning,0.2797,Base,833,0x0b918943df0962bc7a1824c0555a389347b4febd
call_2718,reasoning,0.2361,Base,771,0xeb1e33e8a81b697b75855af6bfcdbcbf7cbbde9f
call_2719,infrastructure,0.1975,Solana,313,0x6b86b273ff34fce19d6b804eff5a3f5747ada4ea
call_2720,media,0.3192,Solana,1702,0x19581e27de7ced00ff1ce50b2047e7a567c76b1c
call_2721,reasoning,0.2408,Solana,761,0xaea92132c4cbeb263e6ac2bf6c183b5d81737f17
call_2722,reasoning,0.2442,Base,927,0x4a44dc15364204a80fe80e9039455cc160828182
call_2723,reasoning,0.2099,Base,865,0x4b227777d4dd1fc61c6f884f48641d02b4d121d3
call_2724,data,0.2585,Solana,510,0xd59eced1ded07f84c145592f65bdf854358e009c
call_2725,data,0.2711,Solana,369,0x5f9c4ab08cac7457e9111a30e4664920607ea2c1
call_2726,data,0.2537,Base,422,0xaea92132c4cbeb263e6ac2bf6c183b5d81737f17
call_2727,reasoning,0.2502,Base,1005,0x811786ad1ae74adfdd20dd0372abaaebc6246e34
call_2728,media,0.2288,Solana,1776,0xef2d127de37b942baad06145e54b0c619a1f2232
call_2729,data,0.233,Solana,308,0x0e17daca5f3e175f448bacace3bc0da47d0655a7
call_2730,media,0.2841,Solana,1710,0x4fc82b26aecb47d2868c4efbe3581732a3e7cbcc
call_2731,infrastructure,0.252,Solana,343,0x59e19706d51d39f66711c2653cd7eb1291c94d9b
call_2732,reasoning,0.2526,Base,813,0x25fc0e7096fc653718202dc30b0c580b8ab87eac
call_2733,reasoning,0.2374,Base,822,0x0b918943df0962bc7a1824c0555a389347b4febd
call_2734,media,0.2626,Base,1087,0xd4735e3a265e16eee03f59718b9b5d03019c07d8
call_2735,reasoning,0.2252,Solana,932,0x0e17daca5f3e175f448bacace3bc0da47d0655a7
call_2736,data,0.2001,Solana,431,0x76a50887d8f1c2e9301755428990ad81479ee21c
call_2737,data,0.2338,Base,411,0xd59eced1ded07f84c145592f65bdf854358e009c
call_2738,data,0.2446,Solana,372,0x6b51d431df5d7f141cbececcf79edf3dd861c3b4
call_2739,search,0.2036,Solana,622,0x5f9c4ab08cac7457e9111a30e4664920607ea2c1
call_2740,search,0.2226,Base,610,0x9f14025af0065b30e47e23ebb3b491d39ae8ed17
call_2741,data,0.2327,Solana,414,0x0b918943df0962bc7a1824c0555a389347b4febd
call_2742,reasoning,0.2262,Solana,713,0x4ec9599fc203d176a301536c2e091a19bc852759
call_2743,reasoning,0.2196,Base,998,0x19581e27de7ced00ff1ce50b2047e7a567c76b1c
call_2744,reasoning,0.2648,Solana,805,0x7a61b53701befdae0eeeffaecc73f14e20b537bb
call_2745,media,0.2805,Solana,1363,0x9400f1b21cb527d7fa3d3eabba93557a18ebe7a2
call_2746,social,0.2535,Solana,444,0xc2356069e9d1e79ca924378153cfbbfb4d4416b1
call_2747,media,0.2624,Base,1804,0x71ee45a3c0db9a9865f7313dd3372cf60dca6479
call_2748,reasoning,0.25,Base,845,0x811786ad1ae74adfdd20dd0372abaaebc6246e34
call_2749,social,0.231,Base,613,0x9400f1b21cb527d7fa3d3eabba93557a18ebe7a2
call_2750,reasoning,0.2267,Base,620,0xf5ca38f748a1d6eaf726b8a42fb575c3c71f1864
call_2751,reasoning,0.253,Base,745,0xeb1e33e8a81b697b75855af6bfcdbcbf7cbbde9f
call_2752,data,0.2384,Base,350,0x76a50887d8f1c2e9301755428990ad81479ee21c
call_2753,reasoning,0.2532,Solana,766,0xb7a56873cd771f2c446d369b649430b65a756ba2
call_2754,data,0.2412,Base,359,0xaea92132c4cbeb263e6ac2bf6c183b5d81737f17
call_2755,data,0.2718,Base,490,0xe629fa6598d732768f7c726b4b621285f9c3b853
call_2756,reasoning,0.2702,Solana,857,0x86e50149658661312a9e0b35558d84f6c6d3da79
call_2757,reasoning,0.2351,Base,1003,0x4e07408562bedb8b60ce05c1decfe3ad16b72230
call_2758,reasoning,0.2808,Solana,788,0xc2356069e9d1e79ca924378153cfbbfb4d4416b1
call_2759,social,0.2155,Solana,562,0xd4735e3a265e16eee03f59718b9b5d03019c07d8
call_2760,data,0.2308,Solana,415,0xef2d127de37b942baad06145e54b0c619a1f2232
call_2761,reasoning,0.2972,Solana,795,0xef2d127de37b942baad06145e54b0c619a1f2232
call_2762,media,0.2642,Base,1409,0x9400f1b21cb527d7fa3d3eabba93557a18ebe7a2
call_2763,reasoning,0.2274,Base,961,0x5f9c4ab08cac7457e9111a30e4664920607ea2c1
call_2764,data,0.2096,Base,502,0x8527a891e224136950ff32ca212b45bc93f69fbb
call_2765,reasoning,0.2353,Solana,729,0x1a6562590ef19d1045d06c4055742d38288e9e6d
call_2766,media,0.2817,Base,1665,0xc2356069e9d1e79ca924378153cfbbfb4d4416b1
call_2767,media,0.2832,Solana,1446,0x4ec9599fc203d176a301536c2e091a19bc852759
call_2768,data,0.2356,Solana,471,0x8527a891e224136950ff32ca212b45bc93f69fbb
call_2769,search,0.2434,Base,446,0x6f4b6612125fb3a0daecd2799dfd6c9c299424fd
call_2770,data,0.2581,Solana,428,0xc2356069e9d1e79ca924378153cfbbfb4d4416b1
call_2771,search,0.285,Solana,622,0xd59eced1ded07f84c145592f65bdf854358e009c
call_2772,data,0.2413,Solana,429,0x98010bd9270f9b100b6214a21754fd33bdc8d41b
call_2773,infrastructure,0.2954,Base,309,0x31489056e0916d59fe3add79e63f095af3ffb816
call_2774,media,0.2635,Solana,1381,0xaea92132c4cbeb263e6ac2bf6c183b5d81737f17
call_2775,media,0.3199,Solana,1653,0x73475cb40a568e8da8a045ced110137e159f890a
call_2776,search,0.2503,Base,793,0x2c624232cdd221771294dfbb310aca000a0df6ac
call_2777,trading,0.3063,Solana,302,0x4523540f1504cd17100c4835e85b7eefd4991158
call_2778,infrastructure,0.2208,Base,351,0x624b60c58c9d8bfb6ff1886c2fd605d2adeb6ea4
call_2779,reasoning,0.2824,Solana,752,0xd59eced1ded07f84c145592f65bdf854358e009c
call_2780,data,0.2076,Base,479,0x98010bd9270f9b100b6214a21754fd33bdc8d41b
call_2781,search,0.2276,Solana,478,0x35135aaa6cc23891b40cb3f378c53a17a1127210
call_2782,data,0.2568,Solana,389,0x5f9c4ab08cac7457e9111a30e4664920607ea2c1
call_2783,reasoning,0.2597,Base,899,0x4fc82b26aecb47d2868c4efbe3581732a3e7cbcc
call_2784,search,0.172,Base,671,0x7902699be42c8a8e46fbbb4501726517e86b22c5
call_2785,data,0.2217,Solana,399,0xf5ca38f748a1d6eaf726b8a42fb575c3c71f1864
call_2786,infrastructure,0.2331,Solana,364,0x6b51d431df5d7f141cbececcf79edf3dd861c3b4
call_2787,reasoning,0.2727,Solana,953,0x4fc82b26aecb47d2868c4efbe3581732a3e7cbcc
call_2788,social,0.2335,Base,458,0x6f4b6612125fb3a0daecd2799dfd6c9c299424fd
call_2789,media,0.2548,Base,1817,0xd4735e3a265e16eee03f59718b9b5d03019c07d8
call_2790,reasoning,0.2324,Base,619,0xc6f3ac57944a531490cd39902d0f777715fd005e
call_2791,reasoning,0.2432,Base,627,0xc6f3ac57944a531490cd39902d0f777715fd005e
call_2792,reasoning,0.2401,Base,850,0xaea92132c4cbeb263e6ac2bf6c183b5d81737f17
call_2793,media,0.2132,Solana,1820,0x4b227777d4dd1fc61c6f884f48641d02b4d121d3
call_2794,media,0.2692,Solana,1707,0x3d914f9348c9cc0ff8a79716700b9fcd4d2f3e71
call_2795,data,0.276,Solana,374,0x6f4b6612125fb3a0daecd2799dfd6c9c299424fd
call_2796,social,0.1849,Base,482,0xf5ca38f748a1d6eaf726b8a42fb575c3c71f1864
call_2797,reasoning,0.2545,Solana,584,0x6f4b6612125fb3a0daecd2799dfd6c9c299424fd
call_2798,reasoning,0.2545,Solana,860,0x5f9c4ab08cac7457e9111a30e4664920607ea2c1
call_2799,data,0.2763,Base,405,0x9f14025af0065b30e47e23ebb3b491d39ae8ed17
call_2800,trading,0.2334,Base,313,0xd4735e3a265e16eee03f59718b9b5d03019c07d8
call_2801,media,0.2502,Base,1491,0xc6f3ac57944a531490cd39902d0f777715fd005e
call_2802,search,0.2885,Solana,675,0x71ee45a3c0db9a9865f7313dd3372cf60dca6479
call_2803,data,0.2335,Base,430,0x19581e27de7ced00ff1ce50b2047e7a567c76b1c
call_2804,media,0.2416,Solana,1599,0x4fc82b26aecb47d2868c4efbe3581732a3e7cbcc
call_2805,data,0.2285,Solana,346,0x19581e27de7ced00ff1ce50b2047e7a567c76b1c
call_2806,media,0.2573,Solana,1428,0x7902699be42c8a8e46fbbb4501726517e86b22c5
call_2807,reasoning,0.2638,Base,828,0x535fa30d7e25dd8a49f1536779734ec8286108d1
call_2808,media,0.2938,Base,1519,0x3d914f9348c9cc0ff8a79716700b9fcd4d2f3e71
call_2809,reasoning,0.2694,Solana,875,0xf5ca38f748a1d6eaf726b8a42fb575c3c71f1864
call_2810,data,0.2468,Base,474,0x7902699be42c8a8e46fbbb4501726517e86b22c5
call_2811,data,0.2262,Base,470,0x8527a891e224136950ff32ca212b45bc93f69fbb
call_2812,search,0.2661,Solana,490,0xc2356069e9d1e79ca924378153cfbbfb4d4416b1
call_2813,data,0.2969,Solana,376,0x44cb730c420480a0477b505ae68af508fb90f96c
call_2814,search,0.2445,Base,567,0x0b918943df0962bc7a1824c0555a389347b4febd
call_2815,data,0.2495,Solana,478,0x7a61b53701befdae0eeeffaecc73f14e20b537bb
call_2816,reasoning,0.2645,Solana,832,0x71ee45a3c0db9a9865f7313dd3372cf60dca6479
call_2817,media,0.2185,Solana,1575,0x4b227777d4dd1fc61c6f884f48641d02b4d121d3
call_2818,infrastructure,0.2349,Base,275,0x4fc82b26aecb47d2868c4efbe3581732a3e7cbcc
call_2819,search,0.2338,Base,661,0x71ee45a3c0db9a9865f7313dd3372cf60dca6479
call_2820,data,0.2853,Base,347,0x4fc82b26aecb47d2868c4efbe3581732a3e7cbcc
call_2821,data,0.2475,Solana,404,0x670671cd97404156226e507973f2ab8330d3022c
call_2822,social,0.2851,Solana,536,0xc6f3ac57944a531490cd39902d0f777715fd005e
call_2823,reasoning,0.2769,Base,891,0xe629fa6598d732768f7c726b4b621285f9c3b853
call_2824,reasoning,0.2492,Base,889,0x2c624232cdd221771294dfbb310aca000a0df6ac
call_2825,data,0.1852,Base,529,0x5f9c4ab08cac7457e9111a30e4664920607ea2c1
call_2826,reasoning,0.2416,Base,772,0x31489056e0916d59fe3add79e63f095af3ffb816
call_2827,search,0.2548,Solana,802,0x19581e27de7ced00ff1ce50b2047e7a567c76b1c
call_2828,reasoning,0.2526,Base,891,0x0e17daca5f3e175f448bacace3bc0da47d0655a7
call_2829,search,0.2639,Solana,713,0x73475cb40a568e8da8a045ced110137e159f890a
call_2830,reasoning,0.214,Base,849,0x3fdba35f04dc8c462986c992bcf8755462571130
call_2831,media,0.2785,Solana,1766,0x4a44dc15364204a80fe80e9039455cc160828182
call_2832,reasoning,0.2602,Base,1029,0xe7f6c011776e8db7cd330b54174fd76f7d0216b6
call_2833,search,0.2646,Base,591,0xb7a56873cd771f2c446d369b649430b65a756ba2
call_2834,media,0.286,Solana,2310,0xe7f6c011776e8db7cd330b54174fd76f7d0216b6
call_2835,social,0.2646,Solana,617,0x35135aaa6cc23891b40cb3f378c53a17a1127210
call_2836,search,0.2096,Base,594,0x535fa30d7e25dd8a49f1536779734ec8286108d1
call_2837,media,0.3045,Solana,1600,0x2c624232cdd221771294dfbb310aca000a0df6ac
call_2838,data,0.2878,Solana,326,0xd59eced1ded07f84c145592f65bdf854358e009c
call_2839,infrastructure,0.2502,Solana,348,0xe29c9c180c6279b0b02abd6a1801c7c04082cf48
call_2840,reasoning,0.2543,Base,851,0x76a50887d8f1c2e9301755428990ad81479ee21c
call_2841,reasoning,0.2478,Solana,946,0x624b60c58c9d8bfb6ff1886c2fd605d2adeb6ea4
call_2842,reasoning,0.2548,Solana,797,0x73475cb40a568e8da8a045ced110137e159f890a
call_2843,reasoning,0.2982,Base,637,0x811786ad1ae74adfdd20dd0372abaaebc6246e34
call_2844,reasoning,0.2834,Solana,942,0xe29c9c180c6279b0b02abd6a1801c7c04082cf48
call_2845,media,0.3354,Solana,1401,0xef2d127de37b942baad06145e54b0c619a1f2232
call_2846,data,0.2303,Base,405,0x8527a891e224136950ff32ca212b45bc93f69fbb
call_2847,media,0.2608,Solana,1349,0x8527a891e224136950ff32ca212b45bc93f69fbb
call_2848,data,0.2428,Base,443,0x5f9c4ab08cac7457e9111a30e4664920607ea2c1
call_2849,social,0.244,Base,505,0x3d914f9348c9cc0ff8a79716700b9fcd4d2f3e71
call_2850,infrastructure,0.2766,Base,329,0x670671cd97404156226e507973f2ab8330d3022c
call_2851,trading,0.2439,Solana,279,0x6b51d431df5d7f141cbececcf79edf3dd861c3b4
call_2852,search,0.2832,Base,582,0xd59eced1ded07f84c145592f65bdf854358e009c
call_2853,reasoning,0.2247,Base,820,0xef2d127de37b942baad06145e54b0c619a1f2232
call_2854,social,0.2502,Solana,547,0x73475cb40a568e8da8a045ced110137e159f890a
call_2855,data,0.2456,Base,382,0x7902699be42c8a8e46fbbb4501726517e86b22c5
call_2856,search,0.2041,Solana,586,0x4b227777d4dd1fc61c6f884f48641d02b4d121d3
call_2857,infrastructure,0.2721,Base,341,0xaea92132c4cbeb263e6ac2bf6c183b5d81737f17
call_2858,data,0.2456,Solana,480,0xc2356069e9d1e79ca924378153cfbbfb4d4416b1
call_2859,data,0.2477,Solana,354,0x86e50149658661312a9e0b35558d84f6c6d3da79
call_2860,data,0.2333,Base,398,0x59e19706d51d39f66711c2653cd7eb1291c94d9b
call_2861,data,0.2725,Base,465,0xb17ef6d19c7a5b1ee83b907c595526dcb1eb06db
call_2862,data,0.2318,Solana,525,0xaea92132c4cbeb263e6ac2bf6c183b5d81737f17
call_2863,reasoning,0.3148,Solana,758,0x670671cd97404156226e507973f2ab8330d3022c
call_2864,data,0.3009,Base,401,0x535fa30d7e25dd8a49f1536779734ec8286108d1
call_2865,media,0.3099,Base,1929,0x5f9c4ab08cac7457e9111a30e4664920607ea2c1
call_2866,data,0.2879,Base,464,0x9400f1b21cb527d7fa3d3eabba93557a18ebe7a2
call_2867,data,0.2931,Base,417,0x3d914f9348c9cc0ff8a79716700b9fcd4d2f3e71
call_2868,infrastructure,0.2169,Solana,272,0x9f14025af0065b30e47e23ebb3b491d39ae8ed17
call_2869,trading,0.2207,Solana,367,0x6f4b6612125fb3a0daecd2799dfd6c9c299424fd
call_2870,search,0.1961,Solana,731,0x0e17daca5f3e175f448bacace3bc0da47d0655a7
call_2871,reasoning,0.2417,Base,731,0xd4735e3a265e16eee03f59718b9b5d03019c07d8
call_2872,reasoning,0.2045,Solana,770,0xf5ca38f748a1d6eaf726b8a42fb575c3c71f1864
call_2873,data,0.2428,Solana,359,0x3fdba35f04dc8c462986c992bcf8755462571130
call_2874,trading,0.3074,Solana,291,0x624b60c58c9d8bfb6ff1886c2fd605d2adeb6ea4
call_2875,social,0.2287,Solana,509,0x811786ad1ae74adfdd20dd0372abaaebc6246e34
call_2876,data,0.2978,Solana,438,0x2c624232cdd221771294dfbb310aca000a0df6ac
call_2877,data,0.2455,Solana,550,0x31489056e0916d59fe3add79e63f095af3ffb816
call_2878,data,0.2369,Base,420,0x785f3ec7eb32f30b90cd0fcf3657d388b5ff4297
call_2879,search,0.2651,Solana,617,0xe629fa6598d732768f7c726b4b621285f9c3b853
call_2880,data,0.2189,Solana,515,0x73475cb40a568e8da8a045ced110137e159f890a
call_2881,data,0.2381,Base,390,0x670671cd97404156226e507973f2ab8330d3022c
call_2882,data,0.2596,Base,442,0xd59eced1ded07f84c145592f65bdf854358e009c
call_2883,search,0.1967,Solana,897,0xb7a56873cd771f2c446d369b649430b65a756ba2
call_2884,search,0.2403,Base,532,0x4ec9599fc203d176a301536c2e091a19bc852759
call_2885,reasoning,0.2832,Solana,940,0x624b60c58c9d8bfb6ff1886c2fd605d2adeb6ea4
call_2886,infrastructure,0.2434,Base,343,0x59e19706d51d39f66711c2653cd7eb1291c94d9b
call_2887,data,0.2556,Solana,377,0x1a6562590ef19d1045d06c4055742d38288e9e6d
call_2888,media,0.266,Base,1878,0x4a44dc15364204a80fe80e9039455cc160828182
call_2889,media,0.2975,Solana,1135,0x4a44dc15364204a80fe80e9039455cc160828182
call_2890,infrastructure,0.2058,Base,369,0xe7f6c011776e8db7cd330b54174fd76f7d0216b6
call_2891,social,0.2179,Base,505,0x9f14025af0065b30e47e23ebb3b491d39ae8ed17
call_2892,data,0.2451,Base,343,0xaea92132c4cbeb263e6ac2bf6c183b5d81737f17
call_2893,data,0.2144,Solana,484,0x535fa30d7e25dd8a49f1536779734ec8286108d1
call_2894,media,0.2815,Base,1976,0xf5ca38f748a1d6eaf726b8a42fb575c3c71f1864
call_2895,data,0.2527,Base,452,0x9f14025af0065b30e47e23ebb3b491d39ae8ed17
call_2896,social,0.2258,Solana,458,0x4fc82b26aecb47d2868c4efbe3581732a3e7cbcc
call_2897,reasoning,0.2237,Base,584,0xd59eced1ded07f84c145592f65bdf854358e009c
call_2898,reasoning,0.2976,Base,888,0x1a6562590ef19d1045d06c4055742d38288e9e6d
call_2899,reasoning,0.2501,Base,1067,0x1a6562590ef19d1045d06c4055742d38288e9e6d
call_2900,data,0.2289,Base,364,0x98010bd9270f9b100b6214a21754fd33bdc8d41b
call_2901,media,0.2769,Base,1565,0xeb1e33e8a81b697b75855af6bfcdbcbf7cbbde9f
call_2902,search,0.253,Base,528,0x4b227777d4dd1fc61c6f884f48641d02b4d121d3
call_2903,data,0.2812,Base,544,0xb17ef6d19c7a5b1ee83b907c595526dcb1eb06db
call_2904,social,0.2401,Base,465,0x6f4b6612125fb3a0daecd2799dfd6c9c299424fd
call_2905,data,0.2411,Solana,407,0x6b86b273ff34fce19d6b804eff5a3f5747ada4ea
call_2906,infrastructure,0.2821,Solana,260,0x670671cd97404156226e507973f2ab8330d3022c
call_2907,data,0.2634,Solana,467,0xeb1e33e8a81b697b75855af6bfcdbcbf7cbbde9f
call_2908,media,0.2614,Solana,1845,0x624b60c58c9d8bfb6ff1886c2fd605d2adeb6ea4
call_2909,media,0.1871,Base,1542,0x1a6562590ef19d1045d06c4055742d38288e9e6d
call_2910,data,0.2355,Base,223,0xe29c9c180c6279b0b02abd6a1801c7c04082cf48
call_2911,data,0.2372,Solana,389,0x25fc0e7096fc653718202dc30b0c580b8ab87eac
call_2912,reasoning,0.2654,Base,684,0x4fc82b26aecb47d2868c4efbe3581732a3e7cbcc
call_2913,reasoning,0.2201,Base,599,0x7a61b53701befdae0eeeffaecc73f14e20b537bb
call_2914,infrastructure,0.2854,Solana,270,0xe629fa6598d732768f7c726b4b621285f9c3b853
call_2915,reasoning,0.2478,Base,814,0x6b86b273ff34fce19d6b804eff5a3f5747ada4ea
call_2916,search,0.2492,Solana,468,0x3fdba35f04dc8c462986c992bcf8755462571130
call_2917,reasoning,0.2395,Base,747,0x44cb730c420480a0477b505ae68af508fb90f96c
call_2918,data,0.2749,Solana,408,0x6b51d431df5d7f141cbececcf79edf3dd861c3b4
call_2919,data,0.2353,Base,389,0x624b60c58c9d8bfb6ff1886c2fd605d2adeb6ea4
call_2920,social,0.2158,Solana,578,0xe29c9c180c6279b0b02abd6a1801c7c04082cf48
call_2921,data,0.2146,Base,413,0xd4735e3a265e16eee03f59718b9b5d03019c07d8
call_2922,trading,0.2214,Solana,337,0x6b86b273ff34fce19d6b804eff5a3f5747ada4ea
call_2923,infrastructure,0.2336,Solana,291,0x624b60c58c9d8bfb6ff1886c2fd605d2adeb6ea4
call_2924,data,0.2424,Base,520,0x0b918943df0962bc7a1824c0555a389347b4febd
call_2925,reasoning,0.2153,Solana,796,0x535fa30d7e25dd8a49f1536779734ec8286108d1
call_2926,media,0.2814,Solana,2074,0xc6f3ac57944a531490cd39902d0f777715fd005e
call_2927,media,0.2918,Base,1953,0xeb1e33e8a81b697b75855af6bfcdbcbf7cbbde9f
call_2928,reasoning,0.2637,Base,935,0x2c624232cdd221771294dfbb310aca000a0df6ac
call_2929,search,0.2242,Base,694,0x98010bd9270f9b100b6214a21754fd33bdc8d41b
call_2930,search,0.26,Base,525,0x4523540f1504cd17100c4835e85b7eefd4991158
call_2931,search,0.2028,Solana,655,0xe7f6c011776e8db7cd330b54174fd76f7d0216b6
call_2932,reasoning,0.2317,Base,849,0x25fc0e7096fc653718202dc30b0c580b8ab87eac
call_2933,data,0.2625,Base,370,0xc2356069e9d1e79ca924378153cfbbfb4d4416b1
call_2934,reasoning,0.3043,Base,699,0xf5ca38f748a1d6eaf726b8a42fb575c3c71f1864
call_2935,reasoning,0.2398,Base,676,0xaea92132c4cbeb263e6ac2bf6c183b5d81737f17
call_2936,social,0.2699,Solana,531,0x2c624232cdd221771294dfbb310aca000a0df6ac
call_2937,search,0.2171,Solana,585,0xd59eced1ded07f84c145592f65bdf854358e009c
call_2938,search,0.2178,Base,545,0x7a61b53701befdae0eeeffaecc73f14e20b537bb
call_2939,data,0.2828,Base,404,0x4e07408562bedb8b60ce05c1decfe3ad16b72230
call_2940,trading,0.282,Base,246,0xb17ef6d19c7a5b1ee83b907c595526dcb1eb06db
call_2941,reasoning,0.2341,Base,867,0x71ee45a3c0db9a9865f7313dd3372cf60dca6479
call_2942,reasoning,0.2283,Solana,921,0x5f9c4ab08cac7457e9111a30e4664920607ea2c1
call_2943,reasoning,0.2301,Solana,811,0x19581e27de7ced00ff1ce50b2047e7a567c76b1c
call_2944,data,0.2702,Solana,389,0x3fdba35f04dc8c462986c992bcf8755462571130
call_2945,data,0.2782,Solana,381,0x4ec9599fc203d176a301536c2e091a19bc852759
call_2946,search,0.2792,Base,625,0x1a6562590ef19d1045d06c4055742d38288e9e6d
call_2947,reasoning,0.2587,Base,807,0xe7f6c011776e8db7cd330b54174fd76f7d0216b6
call_2948,reasoning,0.2091,Base,744,0xeb1e33e8a81b697b75855af6bfcdbcbf7cbbde9f
call_2949,data,0.2631,Base,454,0xf5ca38f748a1d6eaf726b8a42fb575c3c71f1864
call_2950,search,0.2781,Base,661,0x4a44dc15364204a80fe80e9039455cc160828182
call_2951,reasoning,0.2358,Base,835,0x25fc0e7096fc653718202dc30b0c580b8ab87eac
call_2952,data,0.2506,Solana,455,0x3fdba35f04dc8c462986c992bcf8755462571130
call_2953,data,0.23,Solana,301,0x2c624232cdd221771294dfbb310aca000a0df6ac
call_2954,reasoning,0.2849,Base,654,0xb7a56873cd771f2c446d369b649430b65a756ba2
call_2955,data,0.2724,Solana,283,0x86e50149658661312a9e0b35558d84f6c6d3da79
call_2956,reasoning,0.2603,Solana,516,0x4523540f1504cd17100c4835e85b7eefd4991158
call_2957,reasoning,0.2537,Base,857,0x4e07408562bedb8b60ce05c1decfe3ad16b72230
call_2958,reasoning,0.2513,Base,913,0x98010bd9270f9b100b6214a21754fd33bdc8d41b
call_2959,media,0.3083,Base,1545,0x3d914f9348c9cc0ff8a79716700b9fcd4d2f3e71
call_2960,reasoning,0.2624,Base,688,0x35135aaa6cc23891b40cb3f378c53a17a1127210
call_2961,reasoning,0.2428,Base,727,0x44cb730c420480a0477b505ae68af508fb90f96c
call_2962,search,0.2228,Solana,773,0x4fc82b26aecb47d2868c4efbe3581732a3e7cbcc
call_2963,search,0.2194,Base,611,0xe629fa6598d732768f7c726b4b621285f9c3b853
call_2964,data,0.2393,Solana,425,0x624b60c58c9d8bfb6ff1886c2fd605d2adeb6ea4
call_2965,data,0.2626,Base,405,0x71ee45a3c0db9a9865f7313dd3372cf60dca6479
call_2966,social,0.2317,Solana,521,0xf5ca38f748a1d6eaf726b8a42fb575c3c71f1864
call_2967,trading,0.3184,Solana,301,0x0e17daca5f3e175f448bacace3bc0da47d0655a7
call_2968,media,0.2347,Base,1681,0x6f4b6612125fb3a0daecd2799dfd6c9c299424fd
call_2969,reasoning,0.2249,Base,745,0xc6f3ac57944a531490cd39902d0f777715fd005e
call_2970,reasoning,0.2498,Base,777,0x35135aaa6cc23891b40cb3f378c53a17a1127210
call_2971,search,0.2304,Base,695,0x0b918943df0962bc7a1824c0555a389347b4febd
call_2972,search,0.2387,Solana,544,0x9400f1b21cb527d7fa3d3eabba93557a18ebe7a2
call_2973,data,0.2332,Solana,458,0x35135aaa6cc23891b40cb3f378c53a17a1127210
call_2974,social,0.2277,Base,482,0xeb1e33e8a81b697b75855af6bfcdbcbf7cbbde9f
call_2975,reasoning,0.2812,Solana,1080,0x71ee45a3c0db9a9865f7313dd3372cf60dca6479
call_2976,search,0.2273,Solana,691,0x624b60c58c9d8bfb6ff1886c2fd605d2adeb6ea4
call_2977,media,0.3065,Solana,1947,0x6b51d431df5d7f141cbececcf79edf3dd861c3b4
call_2978,infrastructure,0.2163,Base,406,0x8527a891e224136950ff32ca212b45bc93f69fbb
call_2979,reasoning,0.2826,Solana,764,0x1a6562590ef19d1045d06c4055742d38288e9e6d
call_2980,data,0.2457,Solana,433,0xe629fa6598d732768f7c726b4b621285f9c3b853
call_2981,reasoning,0.2645,Base,905,0x6f4b6612125fb3a0daecd2799dfd6c9c299424fd
call_2982,trading,0.3394,Base,233,0x670671cd97404156226e507973f2ab8330d3022c
call_2983,reasoning,0.2317,Solana,841,0x98010bd9270f9b100b6214a21754fd33bdc8d41b
call_2984,data,0.2398,Solana,411,0x7a61b53701befdae0eeeffaecc73f14e20b537bb
call_2985,data,0.2249,Solana,375,0xf5ca38f748a1d6eaf726b8a42fb575c3c71f1864
call_2986,social,0.264,Solana,438,0x59e19706d51d39f66711c2653cd7eb1291c94d9b
call_2987,reasoning,0.2217,Solana,776,0x6b51d431df5d7f141cbececcf79edf3dd861c3b4
call_2988,data,0.2248,Solana,329,0xe29c9c180c6279b0b02abd6a1801c7c04082cf48
call_2989,media,0.2737,Solana,1725,0x670671cd97404156226e507973f2ab8330d3022c
call_2990,reasoning,0.2435,Base,1144,0xc6f3ac57944a531490cd39902d0f777715fd005e
call_2991,social,0.2233,Solana,281,0x4a44dc15364204a80fe80e9039455cc160828182
call_2992,data,0.2185,Solana,344,0x4e07408562bedb8b60ce05c1decfe3ad16b72230
call_2993,reasoning,0.2673,Base,850,0x811786ad1ae74adfdd20dd0372abaaebc6246e34
call_2994,data,0.204,Solana,339,0x25fc0e7096fc653718202dc30b0c580b8ab87eac
call_2995,reasoning,0.277,Base,1065,0x0e17daca5f3e175f448bacace3bc0da47d0655a7
call_2996,media,0.3002,Solana,1495,0x76a50887d8f1c2e9301755428990ad81479ee21c
call_2997,reasoning,0.3026,Base,929,0xef2d127de37b942baad06145e54b0c619a1f2232
call_2998,data,0.245,Solana,474,0x811786ad1ae74adfdd20dd0372abaaebc6246e34
call_2999,reasoning,0.2496,Base,699,0x19581e27de7ced00ff1ce50b2047e7a567c76b1c
call_3000,social,0.2454,Solana,502,0x8527a891e224136950ff32ca212b45bc93f69fbb
